Handle,Title,Body (HTML),Vendor,Product Category,Type,Tags,Published,Option1 Name,Option1 Value,Option2 Name,Option2 Value,Option3 Name,Option3 Value,Variant SKU,Variant Grams,Variant Weight Unit,Variant Inventory Tracker,Variant Inventory Qty,Variant Inventory Policy,Variant Fulfillment Service,Variant Price,Variant Compare At Price,Variant Requires Shipping,Variant Taxable,Variant Barcode,Image Src,Image Alt Text,Gift Card,Price / International,Compare At Price / International,Status
backhoe-tractor-work,Backhoe Tractor Work,,croftshill-enterprise,Home & Garden,,AGHOE,FALSE,Title,Default Title,,,,,,0.0,kg,shopify,100,deny,manual,2000.00,,FALSE,TRUE,,https://s3.amazonaws.com/croftshillent.com-photos/AGHOE.png,,,2000.00,2000.00,active
bondcrete,Bondcrete,,croftshill-enterprise,Hardware > Building Consumables > Hardware Glue & Adhesives,,ADBG,FALSE,Unit,Gallon,,,,,,0.0,kg,shopify,100,deny,manual,3230.00,,FALSE,TRUE,,https://s3.amazonaws.com/croftshillent.com-photos/ADBG.png,,,3230.00,3230.00,active
bondcrete,Bondcrete,,croftshill-enterprise,Hardware > Building Consumables > Hardware Glue & Adhesives,,ADBQ,FALSE,Unit,Quart,,,,,,0.0,kg,shopify,100,deny,manual,1750.00,,FALSE,TRUE,,https://s3.amazonaws.com/croftshillent.com-photos/ADBQ.png,,,1750.00,1750.00,active
cement-30-perlbretail,Cement 30 Perlbretail,,croftshill-enterprise,Hardware > Building Consumables > Hardware Glue & Adhesives,,ADC,FALSE,Title,Default Title,,,,,,0.0,kg,shopify,100,deny,manual,1580.00,,FALSE,TRUE,,https://s3.amazonaws.com/croftshillent.com-photos/ADC.png,,,1580.00,1580.00,active
latex,Latex,,croftshill-enterprise,Hardware > Building Consumables > Hardware Glue & Adhesives,,ADCAL,FALSE,Title,Default Title,,,,,,0.0,kg,shopify,100,deny,manual,600.00,,FALSE,TRUE,,https://s3.amazonaws.com/croftshillent.com-photos/ADCAL.png,,,600.00,600.00,active
silicone-sealant-100,Silicone Sealant 100,,croftshill-enterprise,Hardware > Building Consumables > Hardware Glue & Adhesives,,ADCAS,FALSE,Title,Default Title,,,,,,0.0,kg,shopify,100,deny,manual,1370.00,,FALSE,TRUE,,https://s3.amazonaws.com/croftshillent.com-photos/ADCAS.png,,,1370.00,1370.00,active
silicone-latex,Silicone Latex,,croftshill-enterprise,Hardware > Building Consumables > Hardware Glue & Adhesives,,ADCAS+L,FALSE,Title,Default Title,,,,,,0.0,kg,shopify,100,deny,manual,900.00,,FALSE,TRUE,,https://s3.amazonaws.com/croftshillent.com-photos/ADCAS+L.png,,,900.00,900.00,active
crazy-glue,Crazy Glue,,croftshill-enterprise,Hardware > Building Consumables > Hardware Glue & Adhesives,,ADCG,FALSE,Title,Default Title,,,,,,0.0,kg,shopify,100,deny,manual,250.00,,FALSE,TRUE,,https://s3.amazonaws.com/croftshillent.com-photos/ADCG.png,,,250.00,250.00,active
silicone-tube,Silicone Tube,,croftshill-enterprise,Hardware > Building Consumables > Hardware Glue & Adhesives,,ADCTTB,FALSE,Color,Black,,,,,,0.0,kg,shopify,100,deny,manual,720.00,,FALSE,TRUE,,https://s3.amazonaws.com/croftshillent.com-photos/ADCTTB.png,,,720.00,720.00,active
silicone-tube,Silicone Tube,,croftshill-enterprise,Hardware > Building Consumables > Hardware Glue & Adhesives,,ADCTTC,FALSE,Color,Clear,,,,,,0.0,kg,shopify,100,deny,manual,750.00,,FALSE,TRUE,,https://s3.amazonaws.com/croftshillent.com-photos/ADCTTC.png,,,750.00,750.00,active
silicone-tube,Silicone Tube,,croftshill-enterprise,Hardware > Building Consumables > Hardware Glue & Adhesives,,ADCTTG,FALSE,Color,Grey,,,,,,0.0,kg,shopify,100,deny,manual,770.00,,FALSE,TRUE,,https://s3.amazonaws.com/croftshillent.com-photos/ADCTTG.png,,,770.00,770.00,active
silicone-tube,Silicone Tube,,croftshill-enterprise,Hardware > Building Consumables > Hardware Glue & Adhesives,,ADCTTR,FALSE,Color,Red,,,,,,0.0,kg,shopify,100,deny,manual,830.00,,FALSE,TRUE,,https://s3.amazonaws.com/croftshillent.com-photos/ADCTTR.png,,,830.00,830.00,active
silicone-tube,Silicone Tube,,croftshill-enterprise,Hardware > Building Consumables > Hardware Glue & Adhesives,,ADCTTW,FALSE,Color,White,,,,,,0.0,kg,shopify,100,deny,manual,730.00,,FALSE,TRUE,,https://s3.amazonaws.com/croftshillent.com-photos/ADCTTW.png,,,730.00,730.00,active
cement-white-lb,Cement White Lb,,croftshill-enterprise,Hardware > Building Consumables > Hardware Glue & Adhesives,,ADCW,FALSE,Title,Default Title,,,,,,0.0,kg,shopify,100,deny,manual,80.00,,FALSE,TRUE,,https://s3.amazonaws.com/croftshillent.com-photos/ADCW.png,,,80.00,80.00,active
dap-glue,Dap Glue,,croftshill-enterprise,Hardware > Building Consumables > Hardware Glue & Adhesives,,ADDG236ml,FALSE,Unit,236 Ml 8 OZ,,,,,,0.0,kg,shopify,100,deny,manual,1000.00,,FALSE,TRUE,,https://s3.amazonaws.com/croftshillent.com-photos/ADDG236ml.png,,,1000.00,1000.00,active
dap-glue,Dap Glue,,croftshill-enterprise,Hardware > Building Consumables > Hardware Glue & Adhesives,,ADDGP,FALSE,Unit,PINT,,,,,,0.0,kg,shopify,100,deny,manual,1875.00,,FALSE,TRUE,,https://s3.amazonaws.com/croftshillent.com-photos/ADDGP.png,,,1875.00,1875.00,active
dap-glue,Dap Glue,,croftshill-enterprise,Hardware > Building Consumables > Hardware Glue & Adhesives,,ADDGQ,FALSE,Unit,QUART,,,,,,0.0,kg,shopify,100,deny,manual,2800.00,,FALSE,TRUE,,https://s3.amazonaws.com/croftshillent.com-photos/ADDGQ.png,,,2800.00,2800.00,active
epoxy,Epoxy,,croftshill-enterprise,Hardware > Building Consumables > Hardware Glue & Adhesives,,ADE4,FALSE,Option,4,,,,,,0.0,kg,shopify,100,deny,manual,900.00,,FALSE,TRUE,,https://s3.amazonaws.com/croftshillent.com-photos/ADE4.png,,,900.00,900.00,active
epoxy,Epoxy,,croftshill-enterprise,Hardware > Building Consumables > Hardware Glue & Adhesives,,ADE5,FALSE,Option,5,,,,,,0.0,kg,shopify,100,deny,manual,950.00,,FALSE,TRUE,,https://s3.amazonaws.com/croftshillent.com-photos/ADE5.png,,,950.00,950.00,active
filling-foam,Filling Foam,,croftshill-enterprise,Hardware > Building Consumables > Hardware Glue & Adhesives,,ADFF,FALSE,Title,Default Title,,,,,,0.0,kg,shopify,100,deny,manual,1500.00,,FALSE,TRUE,,https://s3.amazonaws.com/croftshillent.com-photos/ADFF.png,,,1500.00,1500.00,active
loctite-glue,Loctite Glue,,croftshill-enterprise,Hardware > Building Consumables > Hardware Glue & Adhesives,,ADGCLT,FALSE,Title,Default Title,,,,,,0.0,kg,shopify,100,deny,manual,250.00,,FALSE,TRUE,,https://s3.amazonaws.com/croftshillent.com-photos/ADGCLT.png,,,250.00,250.00,active
office-glue-pritt-tube,Office Glue Pritt Tube,,croftshill-enterprise,Hardware > Building Consumables > Hardware Glue & Adhesives,,ADGOP,FALSE,Title,Default Title,,,,,,0.0,kg,shopify,100,deny,manual,410.00,,FALSE,TRUE,,https://s3.amazonaws.com/croftshillent.com-photos/ADGOP.png,,,410.00,410.00,active
grout,Grout,,croftshill-enterprise,Hardware > Building Consumables > Hardware Glue & Adhesives,,ADGRTs,FALSE,Type,Sanded,,,,,,0.0,kg,shopify,100,deny,manual,4500.00,,FALSE,TRUE,,https://s3.amazonaws.com/croftshillent.com-photos/ADGRTs.png,,,4500.00,4500.00,active
grout,Grout,,croftshill-enterprise,Hardware > Building Consumables > Hardware Glue & Adhesives,,ADGRTU,FALSE,Type,Unsanded,,,,,,0.0,kg,shopify,100,deny,manual,4800.00,,FALSE,TRUE,,https://s3.amazonaws.com/croftshillent.com-photos/ADGRTU.png,,,4800.00,4800.00,active
gluestick,Gluestick,,croftshill-enterprise,Hardware > Building Consumables > Hardware Glue & Adhesives,,ADGS11G,FALSE,Weight,11 Gram,,,,,,0.0,kg,shopify,100,deny,manual,150.00,,FALSE,TRUE,,https://s3.amazonaws.com/croftshillent.com-photos/ADGS11G.png,,,150.00,150.00,active
joint-compound,Joint Compound,,croftshill-enterprise,Hardware > Building Consumables > Hardware Glue & Adhesives,,ADJC5G,FALSE,Unit,5 Gallon,,,,,,0.0,kg,shopify,100,deny,manual,6900.00,,FALSE,TRUE,,https://s3.amazonaws.com/croftshillent.com-photos/ADJC5G.png,,,6900.00,6900.00,active
joint-compound,Joint Compound,,croftshill-enterprise,Hardware > Building Consumables > Hardware Glue & Adhesives,,ADJCG,FALSE,Unit,Gallon,,,,,,0.0,kg,shopify,100,deny,manual,2400.00,,FALSE,TRUE,,https://s3.amazonaws.com/croftshillent.com-photos/ADJCG.png,,,2400.00,2400.00,active
joint-compound,Joint Compound,,croftshill-enterprise,Hardware > Building Consumables > Hardware Glue & Adhesives,,ADJCQ,FALSE,Unit,Quart,,,,,,0.0,kg,shopify,100,deny,manual,350.00,,FALSE,TRUE,,https://s3.amazonaws.com/croftshillent.com-photos/ADJCQ.png,,,350.00,350.00,active
joint-tape,Joint Tape,,croftshill-enterprise,Hardware > Building Consumables > Hardware Glue & Adhesives,,ADJCT250f,FALSE,Length,2 X 300 Ft Roll,,,,,,0.0,kg,shopify,100,deny,manual,1850.00,,FALSE,TRUE,,https://s3.amazonaws.com/croftshillent.com-photos/ADJCT250f.png,,,1850.00,1850.00,active
joint-tape,Joint Tape,,croftshill-enterprise,Hardware > Building Consumables > Hardware Glue & Adhesives,,ADJCT500f,FALSE,Length,2 X 500 Ft Roll,,,,,,0.0,kg,shopify,100,deny,manual,2500.00,,FALSE,TRUE,,https://s3.amazonaws.com/croftshillent.com-photos/ADJCT500f.png,,,2500.00,2500.00,active
pvc-pipe-cleaner,Pvc Pipe Cleaner,,croftshill-enterprise,Hardware > Building Consumables > Hardware Glue & Adhesives,,ADPC1,FALSE,Unit,1 Pint,,,,,,0.0,kg,shopify,100,deny,manual,2910.00,,FALSE,TRUE,,https://s3.amazonaws.com/croftshillent.com-photos/ADPC1.png,,,2910.00,2910.00,active
pvc-pipe-cleaner,Pvc Pipe Cleaner,,croftshill-enterprise,Hardware > Building Consumables > Hardware Glue & Adhesives,,ADPC1/2,FALSE,Unit,1 2 Pt 8 Oz,,,,,,0.0,kg,shopify,100,deny,manual,1500.00,,FALSE,TRUE,,https://s3.amazonaws.com/croftshillent.com-photos/ADPC1/2.png,,,1500.00,1500.00,active
pipe-cleaner,Pipe Cleaner,,croftshill-enterprise,Hardware > Building Consumables > Hardware Glue & Adhesives,,ADPC1/4,FALSE,Unit,1 4 Pint,,,,,,0.0,kg,shopify,100,deny,manual,850.00,,FALSE,TRUE,,https://s3.amazonaws.com/croftshillent.com-photos/ADPC1/4.png,,,850.00,850.00,active
ponal,Ponal,,croftshill-enterprise,Hardware > Building Consumables > Hardware Glue & Adhesives,,ADPg,FALSE,Unit,Gal,,,,,,0.0,kg,shopify,100,deny,manual,4295.00,,FALSE,TRUE,,https://s3.amazonaws.com/croftshillent.com-photos/ADPg.png,,,4295.00,4295.00,active
ponal,Ponal,,croftshill-enterprise,Hardware > Building Consumables > Hardware Glue & Adhesives,,ADPQ,FALSE,Unit,Quart,,,,,,0.0,kg,shopify,100,deny,manual,1500.00,,FALSE,TRUE,,https://s3.amazonaws.com/croftshillent.com-photos/ADPQ.png,,,1500.00,1500.00,active
ponal,Ponal,,croftshill-enterprise,Hardware > Building Consumables > Hardware Glue & Adhesives,,ADPSQ,FALSE,Unit,Super 3 Quart,,,,,,0.0,kg,shopify,100,deny,manual,1700.00,,FALSE,TRUE,,https://s3.amazonaws.com/croftshillent.com-photos/ADPSQ.png,,,1700.00,1700.00,active
ponal,Ponal,,croftshill-enterprise,Hardware > Building Consumables > Hardware Glue & Adhesives,,ADPT,FALSE,Unit,Tube 120 G Pattex,,,,,,0.0,kg,shopify,100,deny,manual,500.00,,FALSE,TRUE,,https://s3.amazonaws.com/croftshillent.com-photos/ADPT.png,,,500.00,500.00,active
tangit,Tangit,,croftshill-enterprise,Hardware > Building Consumables > Hardware Glue & Adhesives,,ADPTW/D1/4,FALSE,Unit,Wet Dry 1 4 PT,,,,,,0.0,kg,shopify,100,deny,manual,1550.00,,FALSE,TRUE,,https://s3.amazonaws.com/croftshillent.com-photos/ADPTW/D1/4.png,,,1550.00,1550.00,active
tangit,Tangit,,croftshill-enterprise,Hardware > Building Consumables > Hardware Glue & Adhesives,,ADPTW/D.5,FALSE,Unit,Wet Dry 1 2 PT,,,,,,0.0,kg,shopify,100,deny,manual,1700.00,,FALSE,TRUE,,https://s3.amazonaws.com/croftshillent.com-photos/ADPTW/D.5.png,,,1700.00,1700.00,active
tangit,Tangit,,croftshill-enterprise,Hardware > Building Consumables > Hardware Glue & Adhesives,,ADPTW/D1,FALSE,Unit,Wet And Dry 1 Pint,,,,,,0.0,kg,shopify,100,deny,manual,3450.00,,FALSE,TRUE,,https://s3.amazonaws.com/croftshillent.com-photos/ADPTW/D1.png,,,3450.00,3450.00,active
pvc-cement,Pvc Cement,,croftshill-enterprise,Hardware > Building Consumables > Hardware Glue & Adhesives,,ADPVCC12,FALSE,Unit,1 2 Pint,,,,,,0.0,kg,shopify,100,deny,manual,1730.00,,FALSE,TRUE,,https://s3.amazonaws.com/croftshillent.com-photos/ADPVCC12.png,,,1730.00,1730.00,active
pvc-cement,Pvc Cement,,croftshill-enterprise,Hardware > Building Consumables > Hardware Glue & Adhesives,,ADPVCC14,FALSE,Unit,1 4 Pint,,,,,,0.0,kg,shopify,100,deny,manual,1220.00,,FALSE,TRUE,,https://s3.amazonaws.com/croftshillent.com-photos/ADPVCC14.png,,,1220.00,1220.00,active
pvc-cement,Pvc Cement,,croftshill-enterprise,Hardware > Building Consumables > Hardware Glue & Adhesives,,ADPVVC1,FALSE,Unit,Pint,,,,,,0.0,kg,shopify,100,deny,manual,3360.00,,FALSE,TRUE,,https://s3.amazonaws.com/croftshillent.com-photos/ADPVVC1.png,,,3360.00,3360.00,active
tangit-tube,Tangit Tube,,croftshill-enterprise,Hardware > Building Consumables > Hardware Glue & Adhesives,,ADPVCCLT25ML,FALSE,Unit,25 Ml,,,,,,0.0,kg,shopify,100,deny,manual,380.00,,FALSE,TRUE,,https://s3.amazonaws.com/croftshillent.com-photos/ADPVCCLT25ML.png,,,380.00,380.00,active
tangit-tube,Tangit Tube,,croftshill-enterprise,Hardware > Building Consumables > Hardware Glue & Adhesives,,ADPVCCLT50ml,FALSE,Unit,50 Ml,,,,,,0.0,kg,shopify,100,deny,manual,430.00,,FALSE,TRUE,,https://s3.amazonaws.com/croftshillent.com-photos/ADPVCCLT50ml.png,,,430.00,430.00,active
tangit,Tangit,,croftshill-enterprise,Hardware > Building Consumables > Hardware Glue & Adhesives,,ADPVCHW1/4,FALSE,Unit,1 4 PINT Hot Water,,,,,,0.0,kg,shopify,100,deny,manual,985.00,,FALSE,TRUE,,https://s3.amazonaws.com/croftshillent.com-photos/ADPVCHW1/4.png,,,985.00,985.00,active
pattex,Pattex,,croftshill-enterprise,Hardware > Building Consumables > Hardware Glue & Adhesives,,ADPXPT,FALSE,Unit,1 2 Pint,,,,,,0.0,kg,shopify,100,deny,manual,1200.00,,FALSE,TRUE,,https://s3.amazonaws.com/croftshillent.com-photos/ADPXPT.png,,,1200.00,1200.00,active
pattex,Pattex,,croftshill-enterprise,Hardware > Building Consumables > Hardware Glue & Adhesives,,ADPXQT,FALSE,Unit,Quart,,,,,,0.0,kg,shopify,100,deny,manual,2875.00,,FALSE,TRUE,,https://s3.amazonaws.com/croftshillent.com-photos/ADPXQT.png,,,2875.00,2875.00,active
pattex,Pattex,,croftshill-enterprise,Hardware > Building Consumables > Hardware Glue & Adhesives,,ADPXTU,FALSE,Unit,Tube,,,,,,0.0,kg,shopify,100,deny,manual,650.00,,FALSE,TRUE,,https://s3.amazonaws.com/croftshillent.com-photos/ADPXTU.png,,,650.00,650.00,active
saxit,Saxit,,croftshill-enterprise,Hardware > Building Consumables > Hardware Glue & Adhesives,,ADSAX,FALSE,Unit,Qt,,,,,,0.0,kg,shopify,100,deny,manual,600.00,,FALSE,TRUE,,https://s3.amazonaws.com/croftshillent.com-photos/ADSAX.png,,,600.00,600.00,active
sure-coat,Sure Coat,,croftshill-enterprise,Hardware > Building Consumables > Hardware Glue & Adhesives,,ADSC22,FALSE,Weight,22 Lb,,,,,,0.0,kg,shopify,100,deny,manual,1100.00,,FALSE,TRUE,,https://s3.amazonaws.com/croftshillent.com-photos/ADSC22.png,,,1100.00,1100.00,active
shoe-glue-super-glue,Shoe Glue Super Glue,,croftshill-enterprise,Hardware > Building Consumables > Hardware Glue & Adhesives,,ADSG,FALSE,Title,Default Title,,,,,,0.0,kg,shopify,100,deny,manual,300.00,,FALSE,TRUE,,https://s3.amazonaws.com/croftshillent.com-photos/ADSG.png,,,300.00,300.00,active
box-tape-packagingtape-clear-and-brown,Box Tape Packagingtape Clear And Brown,,croftshill-enterprise,Hardware > Building Consumables > Hardware Glue & Adhesives,,ADTB,FALSE,Title,Default Title,,,,,,0.0,kg,shopify,100,deny,manual,290.00,,FALSE,TRUE,,https://s3.amazonaws.com/croftshillent.com-photos/ADTB.png,,,290.00,290.00,active
cello-tape,Cello Tape,,croftshill-enterprise,Hardware > Building Consumables > Hardware Glue & Adhesives,,ADTC1'',FALSE,Length,1 72 Yds,,,,,,0.0,kg,shopify,100,deny,manual,370.00,,FALSE,TRUE,,https://s3.amazonaws.com/croftshillent.com-photos/ADTC1''.png,,,370.00,370.00,active
cello-tape,Cello Tape,,croftshill-enterprise,Hardware > Building Consumables > Hardware Glue & Adhesives,,ADTC1/2'',FALSE,Length,1 2 72 Yds,,,,,,0.0,kg,shopify,100,deny,manual,200.00,,FALSE,TRUE,,https://s3.amazonaws.com/croftshillent.com-photos/ADTC1/2''.png,,,200.00,200.00,active
cello-tape,Cello Tape,,croftshill-enterprise,Hardware > Building Consumables > Hardware Glue & Adhesives,,ADTC2,FALSE,Length,2 72 Yds,,,,,,0.0,kg,shopify,100,deny,manual,500.00,,FALSE,TRUE,,https://s3.amazonaws.com/croftshillent.com-photos/ADTC2.png,,,500.00,500.00,active
cello-tape,Cello Tape,,croftshill-enterprise,Hardware > Building Consumables > Hardware Glue & Adhesives,,ADTC3/4'',FALSE,Length,3 4 72 Yds,,,,,,0.0,kg,shopify,100,deny,manual,270.00,,FALSE,TRUE,,https://s3.amazonaws.com/croftshillent.com-photos/ADTC3/4''.png,,,270.00,270.00,active
duct-tape,Duct Tape,,croftshill-enterprise,Hardware > Building Consumables > Hardware Glue & Adhesives,,ADTDL,FALSE,Size,Large,,,,,,0.0,kg,shopify,100,deny,manual,1370.00,,FALSE,TRUE,,https://s3.amazonaws.com/croftshillent.com-photos/ADTDL.png,,,1370.00,1370.00,active
duct-tape,Duct Tape,,croftshill-enterprise,Hardware > Building Consumables > Hardware Glue & Adhesives,,ADTDM-30y,FALSE,Length,Medium 2 X 30 Yds,,,,,,0.0,kg,shopify,100,deny,manual,850.00,,FALSE,TRUE,,https://s3.amazonaws.com/croftshillent.com-photos/ADTDM-30y.png,,,850.00,850.00,active
duct-tape,Duct Tape,,croftshill-enterprise,Hardware > Building Consumables > Hardware Glue & Adhesives,,ADTDS-10y,FALSE,Length,Small 2 X 10 Yds,,,,,,0.0,kg,shopify,100,deny,manual,500.00,,FALSE,TRUE,,https://s3.amazonaws.com/croftshillent.com-photos/ADTDS-10y.png,,,500.00,500.00,active
masking-tape,Masking Tape,,croftshill-enterprise,Hardware > Building Consumables > Hardware Glue & Adhesives,,ADTM.75'',FALSE,Length,3 4,,,,,,0.0,kg,shopify,100,deny,manual,470.00,,FALSE,TRUE,,https://s3.amazonaws.com/croftshillent.com-photos/ADTM.75''.png,,,470.00,470.00,active
masking-tape,Masking Tape,,croftshill-enterprise,Hardware > Building Consumables > Hardware Glue & Adhesives,,ADTM1'',FALSE,Length,1,,,,,,0.0,kg,shopify,100,deny,manual,550.00,,FALSE,TRUE,,https://s3.amazonaws.com/croftshillent.com-photos/ADTM1''.png,,,550.00,550.00,active
masking-tape,Masking Tape,,croftshill-enterprise,Hardware > Building Consumables > Hardware Glue & Adhesives,,ADTM1.5,FALSE,Length,1 5,,,,,,0.0,kg,shopify,100,deny,manual,680.00,,FALSE,TRUE,,https://s3.amazonaws.com/croftshillent.com-photos/ADTM1.5.png,,,680.00,680.00,active
masking-tape,Masking Tape,,croftshill-enterprise,Hardware > Building Consumables > Hardware Glue & Adhesives,,ADTM2'',FALSE,Length,2,,,,,,0.0,kg,shopify,100,deny,manual,735.00,,FALSE,TRUE,,https://s3.amazonaws.com/croftshillent.com-photos/ADTM2''.png,,,735.00,735.00,active
painters-tape,Painters Tape,,croftshill-enterprise,Hardware > Building Consumables > Hardware Glue & Adhesives,,ADTMP2,FALSE,Length,2,,,,,,0.0,kg,shopify,100,deny,manual,850.00,,FALSE,TRUE,,https://s3.amazonaws.com/croftshillent.com-photos/ADTMP2.png,,,850.00,850.00,active
painters-tape,Painters Tape,,croftshill-enterprise,Hardware > Building Consumables > Hardware Glue & Adhesives,,ADTMP34,FALSE,Length,3 4,,,,,,0.0,kg,shopify,100,deny,manual,650.00,,FALSE,TRUE,,https://s3.amazonaws.com/croftshillent.com-photos/ADTMP34.png,,,650.00,650.00,active
thinset-dyna,Thinset Dyna,,croftshill-enterprise,Hardware > Building Consumables > Hardware Glue & Adhesives,,ADTS,FALSE,Unit,300 Regular 75 PER LB,,,,,,0.0,kg,shopify,100,deny,manual,1100.00,,FALSE,TRUE,,https://s3.amazonaws.com/croftshillent.com-photos/ADTS.png,,,1100.00,1100.00,active
thinset-dyna,Thinset Dyna,,croftshill-enterprise,Hardware > Building Consumables > Hardware Glue & Adhesives,,ADTSAL,FALSE,Unit,600 All Purpose 100 PER LB,,,,,,0.0,kg,shopify,100,deny,manual,3300.00,,FALSE,TRUE,,https://s3.amazonaws.com/croftshillent.com-photos/ADTSAL.png,,,3300.00,3300.00,active
thinset-dyna,Thinset Dyna,,croftshill-enterprise,Hardware > Building Consumables > Hardware Glue & Adhesives,,ADTSW,FALSE,Unit,400 Wall 80 PER LB,,,,,,0.0,kg,shopify,100,deny,manual,2400.00,,FALSE,TRUE,,https://s3.amazonaws.com/croftshillent.com-photos/ADTSW.png,,,2400.00,2400.00,active
wood-glue,Wood Glue,,croftshill-enterprise,Hardware > Building Consumables > Hardware Glue & Adhesives,,ADWGQ,FALSE,Unit,Qt,,,,,,0.0,kg,shopify,100,deny,manual,560.00,,FALSE,TRUE,,https://s3.amazonaws.com/croftshillent.com-photos/ADWGQ.png,,,560.00,560.00,active
brioler-ration-pellet-crumble,Brioler Ration Pellet Crumble,,croftshill-enterprise,Home & Garden,,AGAFBRP/C,FALSE,Title,Default Title,,,,,,0.0,kg,shopify,100,deny,manual,1650.00,,FALSE,TRUE,,https://s3.amazonaws.com/croftshillent.com-photos/AGAFBRP/C.png,,,1650.00,1650.00,active
crush-corn,Crush Corn,,croftshill-enterprise,Home & Garden,,AGAFCC,FALSE,Unit,Lb,,,,,,0.0,kg,shopify,100,deny,manual,70.00,,FALSE,TRUE,,https://s3.amazonaws.com/croftshillent.com-photos/AGAFCC.png,,,70.00,70.00,active
layer-ration,Layer Ration,,croftshill-enterprise,Home & Garden,,AGAFLR,FALSE,Title,Default Title,,,,,,0.0,kg,shopify,100,deny,manual,1695.00,,FALSE,TRUE,,https://s3.amazonaws.com/croftshillent.com-photos/AGAFLR.png,,,1695.00,1695.00,active
pig-grower,Pig Grower,,croftshill-enterprise,Home & Garden,,AGAFPG,FALSE,Title,Default Title,,,,,,0.0,kg,shopify,100,deny,manual,1640.00,,FALSE,TRUE,,https://s3.amazonaws.com/croftshillent.com-photos/AGAFPG.png,,,1640.00,1640.00,active
sow-and-boar-ration,Sow And Boar Ration,,croftshill-enterprise,Home & Garden,,AGAFSR,FALSE,Title,Default Title,,,,,,0.0,kg,shopify,100,deny,manual,1435.00,,FALSE,TRUE,,https://s3.amazonaws.com/croftshillent.com-photos/AGAFSR.png,,,1435.00,1435.00,active
wheat-midds,Wheat Midds,,croftshill-enterprise,Home & Garden,,AGAFWM,FALSE,Title,Default Title,,,,,,0.0,kg,shopify,100,deny,manual,1435.00,,FALSE,TRUE,,https://s3.amazonaws.com/croftshillent.com-photos/AGAFWM.png,,,1435.00,1435.00,active
cutlass-short-14,Cutlass Short 14,,croftshill-enterprise,Home & Garden,,AGC14S,FALSE,Title,Default Title,,,,,,0.0,kg,shopify,100,deny,manual,1000.00,,FALSE,TRUE,,https://s3.amazonaws.com/croftshillent.com-photos/AGC14S.png,,,1000.00,1000.00,active
sow-cutlass-20,Sow Cutlass 20,,croftshill-enterprise,Home & Garden,,AGC20S,FALSE,Title,Default Title,,,,,,0.0,kg,shopify,100,deny,manual,1450.00,,FALSE,TRUE,,https://s3.amazonaws.com/croftshillent.com-photos/AGC20S.png,,,1450.00,1450.00,active
cutlass-22,Cutlass 22,,croftshill-enterprise,Home & Garden,,AGC22S,FALSE,Title,Default Title,,,,,,0.0,kg,shopify,100,deny,manual,1500.00,,FALSE,TRUE,,https://s3.amazonaws.com/croftshillent.com-photos/AGC22S.png,,,1500.00,1500.00,active
bill-cutlass-crocodile-cane-knife,Bill Cutlass Crocodile Cane Knife,,croftshill-enterprise,Home & Garden,,AGCB/CK,FALSE,Title,Default Title,,,,,,0.0,kg,shopify,100,deny,manual,2000.00,,FALSE,TRUE,,https://s3.amazonaws.com/croftshillent.com-photos/AGCB/CK.png,,,2000.00,2000.00,active
cutlass-file,Cutlass File,,croftshill-enterprise,Home & Garden,,AGCF,FALSE,Title,Default Title,,,,,,0.0,kg,shopify,100,deny,manual,230.00,,FALSE,TRUE,,https://s3.amazonaws.com/croftshillent.com-photos/AGCF.png,,,230.00,230.00,active
flair-cutlass-belly-woman,Flair Cutlass Belly Woman,,croftshill-enterprise,Home & Garden,,AGCFbw,FALSE,Title,Default Title,,,,,,0.0,kg,shopify,100,deny,manual,1500.00,,FALSE,TRUE,,https://s3.amazonaws.com/croftshillent.com-photos/AGCFbw.png,,,1500.00,1500.00,active
hookie-cutlass,Hookie Cutlass,,croftshill-enterprise,Home & Garden,,AGCH,FALSE,Title,Default Title,,,,,,0.0,kg,shopify,100,deny,manual,1700.00,,FALSE,TRUE,,https://s3.amazonaws.com/croftshillent.com-photos/AGCH.png,,,1700.00,1700.00,active
fork-heavy-duty-agri,Fork Heavy Duty Agri,,croftshill-enterprise,Home & Garden,,AGF,FALSE,Title,Default Title,,,,,,0.0,kg,shopify,100,deny,manual,14600.00,,FALSE,TRUE,,https://s3.amazonaws.com/croftshillent.com-photos/AGF.png,,,14600.00,14600.00,active
fertilizer-14-28-14-vegetable,Fertilizer 14 28 14 Vegetable,,croftshill-enterprise,Home & Garden,,AGF14-28-14VL,FALSE,Size,Large,,,,,,0.0,kg,shopify,100,deny,manual,6205.00,,FALSE,TRUE,,https://s3.amazonaws.com/croftshillent.com-photos/AGF14-28-14VL.png,,,6205.00,6205.00,active
fertilizer-14-28-14-vegetable,Fertilizer 14 28 14 Vegetable,,croftshill-enterprise,Home & Garden,,AGF14-28-14VS,FALSE,Size,Small,,,,,,0.0,kg,shopify,100,deny,manual,3300.00,,FALSE,TRUE,,https://s3.amazonaws.com/croftshillent.com-photos/AGF14-28-14VS.png,,,3300.00,3300.00,active
fertilizer-16-9-18-all-purpose,Fertilizer 16 9 18 All Purpose,,croftshill-enterprise,Home & Garden,,AGF16-9-18APL,FALSE,Size,Large,,,,,,0.0,kg,shopify,100,deny,manual,5720.00,,FALSE,TRUE,,https://s3.amazonaws.com/croftshillent.com-photos/AGF16-9-18APL.png,,,5720.00,5720.00,active
fertilizer-16-9-18-all-purpose,Fertilizer 16 9 18 All Purpose,,croftshill-enterprise,Home & Garden,,AGF16-9-18APS,FALSE,Size,Small,,,,,,0.0,kg,shopify,100,deny,manual,2935.00,,FALSE,TRUE,,https://s3.amazonaws.com/croftshillent.com-photos/AGF16-9-18APS.png,,,2935.00,2935.00,active
fertilizer-sulphate-of-amonia-salt,Fertilizer Sulphate Of Amonia Salt,,croftshill-enterprise,Home & Garden,,AGF1SAL,FALSE,Size,Large,,,,,,0.0,kg,shopify,100,deny,manual,4510.00,,FALSE,TRUE,,https://s3.amazonaws.com/croftshillent.com-photos/AGF1SAL.png,,,4510.00,4510.00,active
fertilizer-sulphate-of-amonia-salt,Fertilizer Sulphate Of Amonia Salt,,croftshill-enterprise,Home & Garden,,AGF1SAS,FALSE,Size,Small,,,,,,0.0,kg,shopify,100,deny,manual,2310.00,,FALSE,TRUE,,https://s3.amazonaws.com/croftshillent.com-photos/AGF1SAS.png,,,2310.00,2310.00,active
champion-fungicide-lb,Champion Fungicide Lb,,croftshill-enterprise,Home & Garden,,AGFC,FALSE,Title,Default Title,,,,,,0.0,kg,shopify,100,deny,manual,1600.00,,FALSE,TRUE,,https://s3.amazonaws.com/croftshillent.com-photos/AGFC.png,,,1600.00,1600.00,active
diothane-fungicide-500-g,Diothane Fungicide 500 G,,croftshill-enterprise,Home & Garden,,AGFD,FALSE,Title,Default Title,,,,,,0.0,kg,shopify,100,deny,manual,1400.00,,FALSE,TRUE,,https://s3.amazonaws.com/croftshillent.com-photos/AGFD.png,,,1400.00,1400.00,active
fusilade-fungicide-pint,Fusilade Fungicide Pint,,croftshill-enterprise,Home & Garden,,AGFF,FALSE,Title,Default Title,,,,,,0.0,kg,shopify,100,deny,manual,3110.00,,FALSE,TRUE,,https://s3.amazonaws.com/croftshillent.com-photos/AGFF.png,,,3110.00,3110.00,active
kocide-lb,Kocide Lb,,croftshill-enterprise,Home & Garden,,AGFK,FALSE,Title,Default Title,,,,,,0.0,kg,shopify,100,deny,manual,1360.00,,FALSE,TRUE,,https://s3.amazonaws.com/croftshillent.com-photos/AGFK.png,,,1360.00,1360.00,active
man-kocide-lb,Man Kocide Lb,,croftshill-enterprise,Home & Garden,,AGFMK,FALSE,Title,Default Title,,,,,,0.0,kg,shopify,100,deny,manual,800.00,,FALSE,TRUE,,https://s3.amazonaws.com/croftshillent.com-photos/AGFMK.png,,,800.00,800.00,active
topsin-fungicide-lb,Topsin Fungicide Lb,,croftshill-enterprise,Home & Garden,,AGFT,FALSE,Title,Default Title,,,,,,0.0,kg,shopify,100,deny,manual,1400.00,,FALSE,TRUE,,https://s3.amazonaws.com/croftshillent.com-photos/AGFT.png,,,1400.00,1400.00,active
garden-hose,Garden Hose,,croftshill-enterprise,Home & Garden,,AGGH100,FALSE,Length,100,,,,,,0.0,kg,shopify,100,deny,manual,7800.00,,FALSE,TRUE,,https://s3.amazonaws.com/croftshillent.com-photos/AGGH100.png,,,7800.00,7800.00,active
garden-hose,Garden Hose,,croftshill-enterprise,Home & Garden,,AGGH50,FALSE,Length,50,,,,,,0.0,kg,shopify,100,deny,manual,4700.00,,FALSE,TRUE,,https://s3.amazonaws.com/croftshillent.com-photos/AGGH50.png,,,4700.00,4700.00,active
garden-hose,Garden Hose,,croftshill-enterprise,Home & Garden,,AGGH75,FALSE,Length,75,,,,,,0.0,kg,shopify,100,deny,manual,5400.00,,FALSE,TRUE,,https://s3.amazonaws.com/croftshillent.com-photos/AGGH75.png,,,5400.00,5400.00,active
garden-hose-mender-all,Garden Hose Mender All,,croftshill-enterprise,Home & Garden,,AGGHM,FALSE,Title,Default Title,,,,,,0.0,kg,shopify,100,deny,manual,290.00,,FALSE,TRUE,,https://s3.amazonaws.com/croftshillent.com-photos/AGGHM.png,,,290.00,290.00,active
hvy-duty-gden-rake,Hvy Duty Gden Rake,,croftshill-enterprise,Home & Garden,,AGGRHD,FALSE,Title,Default Title,,,,,,0.0,kg,shopify,100,deny,manual,1500.00,,FALSE,TRUE,,https://s3.amazonaws.com/croftshillent.com-photos/AGGRHD.png,,,1500.00,1500.00,active
garden-rake-metal,Garden Rake Metal,,croftshill-enterprise,Home & Garden,,AGGRM,FALSE,Title,Default Title,,,,,,0.0,kg,shopify,100,deny,manual,1050.00,,FALSE,TRUE,,https://s3.amazonaws.com/croftshillent.com-photos/AGGRM.png,,,1050.00,1050.00,active
plastic-garden-rake,Plastic Garden Rake,,croftshill-enterprise,Home & Garden,,AGGRP,FALSE,Title,Default Title,,,,,,0.0,kg,shopify,100,deny,manual,1100.00,,FALSE,TRUE,,https://s3.amazonaws.com/croftshillent.com-photos/AGGRP.png,,,1100.00,1100.00,active
garden-shade-cloth-greenhouse-mesh-peryd,Garden Shade Cloth Greenhouse Mesh Peryd,,croftshill-enterprise,Home & Garden,,AGGSC,FALSE,Title,Default Title,,,,,,0.0,kg,shopify,100,deny,manual,470.00,,FALSE,TRUE,,https://s3.amazonaws.com/croftshillent.com-photos/AGGSC.png,,,470.00,470.00,active
seed-tray-germination,Seed Tray Germination,,croftshill-enterprise,Home & Garden,,AGGT,FALSE,Title,Default Title,,,,,,0.0,kg,shopify,100,deny,manual,250.00,,FALSE,TRUE,,https://s3.amazonaws.com/croftshillent.com-photos/AGGT.png,,,250.00,250.00,active
grass-whip-50-feet,Grass Whip 50 Feet,,croftshill-enterprise,Home & Garden,,AGGW,FALSE,Title,Default Title,,,,,,0.0,kg,shopify,100,deny,manual,750.00,,FALSE,TRUE,,https://s3.amazonaws.com/croftshillent.com-photos/AGGW.png,,,750.00,750.00,active
grass-whip-black-heavy-duty-ft,Grass Whip Black Heavy Duty Ft,,croftshill-enterprise,Home & Garden,,AGGWBHD,FALSE,Title,Default Title,,,,,,0.0,kg,shopify,100,deny,manual,25.00,,FALSE,TRUE,,https://s3.amazonaws.com/croftshillent.com-photos/AGGWBHD.png,,,25.00,25.00,active
grass-whip-trim-head,Grass Whip Trim Head,,croftshill-enterprise,Home & Garden,,AGGWTH,FALSE,Title,Default Title,,,,,,0.0,kg,shopify,100,deny,manual,3390.00,,FALSE,TRUE,,https://s3.amazonaws.com/croftshillent.com-photos/AGGWTH.png,,,3390.00,3390.00,active
hoe,Hoe,,croftshill-enterprise,Home & Garden,,AGH1,FALSE,Type,1,,,,,,0.0,kg,shopify,100,deny,manual,1940.00,,FALSE,TRUE,,https://s3.amazonaws.com/croftshillent.com-photos/AGH1.png,,,1940.00,1940.00,active
hoe,Hoe,,croftshill-enterprise,Home & Garden,,AGH2,FALSE,Type,2,,,,,,0.0,kg,shopify,100,deny,manual,2150.00,,FALSE,TRUE,,https://s3.amazonaws.com/croftshillent.com-photos/AGH2.png,,,2150.00,2150.00,active
hoe,Hoe,,croftshill-enterprise,Home & Garden,,AGH3,FALSE,Type,3,,,,,,0.0,kg,shopify,100,deny,manual,2460.00,,FALSE,TRUE,,https://s3.amazonaws.com/croftshillent.com-photos/AGH3.png,,,2460.00,2460.00,active
antistress,Antistress,,croftshill-enterprise,Home & Garden,,AGMA,FALSE,Title,Default Title,,,,,,0.0,kg,shopify,100,deny,manual,385.00,,FALSE,TRUE,,https://s3.amazonaws.com/croftshillent.com-photos/AGMA.png,,,385.00,385.00,active
amprofur-antibiotic,Amprofur Antibiotic,,croftshill-enterprise,Home & Garden,,AGMAA,FALSE,Title,Default Title,,,,,,0.0,kg,shopify,100,deny,manual,1650.00,,FALSE,TRUE,,https://s3.amazonaws.com/croftshillent.com-photos/AGMAA.png,,,1650.00,1650.00,active
trisulvitrim-antibiotic,Trisulvitrim Antibiotic,,croftshill-enterprise,Home & Garden,,AGMAT,FALSE,Title,Default Title,,,,,,0.0,kg,shopify,100,deny,manual,1650.00,,FALSE,TRUE,,https://s3.amazonaws.com/croftshillent.com-photos/AGMAT.png,,,1650.00,1650.00,active
chicken-booster,Chicken Booster,,croftshill-enterprise,Home & Garden,,AGMCB,FALSE,Title,Default Title,,,,,,0.0,kg,shopify,100,deny,manual,545.00,,FALSE,TRUE,,https://s3.amazonaws.com/croftshillent.com-photos/AGMCB.png,,,545.00,545.00,active
cleansing-drench,Cleansing Drench,,croftshill-enterprise,Home & Garden,,AGMDC,FALSE,Title,Default Title,,,,,,0.0,kg,shopify,100,deny,manual,220.00,,FALSE,TRUE,,https://s3.amazonaws.com/croftshillent.com-photos/AGMDC.png,,,220.00,220.00,active
red-salt-drench,Red Salt Drench,,croftshill-enterprise,Home & Garden,,AGMDRS,FALSE,Title,Default Title,,,,,,0.0,kg,shopify,100,deny,manual,220.00,,FALSE,TRUE,,https://s3.amazonaws.com/croftshillent.com-photos/AGMDRS.png,,,220.00,220.00,active
fish-oil-lamp-oil,Fish Oil Lamp Oil,,croftshill-enterprise,Home & Garden,,AGMFO/LOL,FALSE,Unit,250 Ml,,,,,,0.0,kg,shopify,100,deny,manual,650.00,,FALSE,TRUE,,https://s3.amazonaws.com/croftshillent.com-photos/AGMFO/LOL.png,,,650.00,650.00,active
lamp-oil-fish-oil,Lamp Oil Fish Oil,,croftshill-enterprise,Home & Garden,,AGMFO/LOS,FALSE,Unit,60,,,,,,0.0,kg,shopify,100,deny,manual,330.00,,FALSE,TRUE,,https://s3.amazonaws.com/croftshillent.com-photos/AGMFO/LOS.png,,,330.00,330.00,active
gaseous-fluid,Gaseous Fluid,,croftshill-enterprise,Home & Garden,,AGMGF,FALSE,Title,Default Title,,,,,,0.0,kg,shopify,100,deny,manual,500.00,,FALSE,TRUE,,https://s3.amazonaws.com/croftshillent.com-photos/AGMGF.png,,,500.00,500.00,active
hiprovit,Hiprovit,,croftshill-enterprise,Home & Garden,,AGMH,FALSE,Title,Default Title,,,,,,0.0,kg,shopify,100,deny,manual,500.00,,FALSE,TRUE,,https://s3.amazonaws.com/croftshillent.com-photos/AGMH.png,,,500.00,500.00,active
neo-chlor-plus-chicken-booster,Neo Chlor Plus Chicken Booster,,croftshill-enterprise,Home & Garden,,AGMNCP,FALSE,Title,Default Title,,,,,,0.0,kg,shopify,100,deny,manual,1860.00,,FALSE,TRUE,,https://s3.amazonaws.com/croftshillent.com-photos/AGMNCP.png,,,1860.00,1860.00,active
chicken-wormer-parazine,Chicken Wormer Parazine,,croftshill-enterprise,Home & Garden,,AGMWCP,FALSE,Title,Default Title,,,,,,0.0,kg,shopify,100,deny,manual,300.00,,FALSE,TRUE,,https://s3.amazonaws.com/croftshillent.com-photos/AGMWCP.png,,,300.00,300.00,active
wormex-wormer-for-dogs,Wormex Wormer For Dogs,,croftshill-enterprise,Home & Garden,,AGMWD,FALSE,Title,Default Title,,,,,,0.0,kg,shopify,100,deny,manual,250.00,,FALSE,TRUE,,https://s3.amazonaws.com/croftshillent.com-photos/AGMWD.png,,,250.00,250.00,active
safersan-general-wormer,Safersan General Wormer,,croftshill-enterprise,Home & Garden,,AGMWGS,FALSE,Weight,400 G,,,,,,0.0,kg,shopify,100,deny,manual,625.00,,FALSE,TRUE,,https://s3.amazonaws.com/croftshillent.com-photos/AGMWGS.png,,,625.00,625.00,active
levox-wormer,Levox Wormer,,croftshill-enterprise,Home & Garden,,AGMWL150ml,FALSE,Unit,150 Ml,,,,,,0.0,kg,shopify,100,deny,manual,500.00,,FALSE,TRUE,,https://s3.amazonaws.com/croftshillent.com-photos/AGMWL150ml.png,,,500.00,500.00,active
levox-wormer,Levox Wormer,,croftshill-enterprise,Home & Garden,,AGMWL450ml,FALSE,Unit,450 Ml,,,,,,0.0,kg,shopify,100,deny,manual,880.00,,FALSE,TRUE,,https://s3.amazonaws.com/croftshillent.com-photos/AGMWL450ml.png,,,880.00,880.00,active
wound-oil-spray,Wound Oil Spray,,croftshill-enterprise,Home & Garden,,AGMWOS,FALSE,Title,Default Title,,,,,,0.0,kg,shopify,100,deny,manual,550.00,,FALSE,TRUE,,https://s3.amazonaws.com/croftshillent.com-photos/AGMWOS.png,,,550.00,550.00,active
wound-powder,Wound Powder,,croftshill-enterprise,Home & Garden,,AGMWP85g,FALSE,Weight,85 G,,,,,,0.0,kg,shopify,100,deny,manual,430.00,,FALSE,TRUE,,https://s3.amazonaws.com/croftshillent.com-photos/AGMWP85g.png,,,430.00,430.00,active
pig-wormer-carlo,Pig Wormer Carlo,,croftshill-enterprise,Home & Garden,,AGMWPC,FALSE,Weight,24 G,,,,,,0.0,kg,shopify,100,deny,manual,300.00,,FALSE,TRUE,,https://s3.amazonaws.com/croftshillent.com-photos/AGMWPC.png,,,300.00,300.00,active
valbazen,Valbazen,,croftshill-enterprise,Home & Garden,,AGMWV,FALSE,Unit,125 Ml,,,,,,0.0,kg,shopify,100,deny,manual,550.00,,FALSE,TRUE,,https://s3.amazonaws.com/croftshillent.com-photos/AGMWV.png,,,550.00,550.00,active
119-insect-killer,119 Insect Killer,,croftshill-enterprise,Home & Garden,,AGP119,FALSE,Title,Default Title,,,,,,0.0,kg,shopify,100,deny,manual,200.00,,FALSE,TRUE,,https://s3.amazonaws.com/croftshillent.com-photos/AGP119.png,,,200.00,200.00,active
ant-powder-pack,Ant Powder Pack,,croftshill-enterprise,Home & Garden,,AGPAPP,FALSE,Title,Default Title,,,,,,0.0,kg,shopify,100,deny,manual,250.00,,FALSE,TRUE,,https://s3.amazonaws.com/croftshillent.com-photos/AGPAPP.png,,,250.00,250.00,active
potting-bag,Potting Bag,,croftshill-enterprise,Home & Garden,,AGPB,FALSE,Title,Default Title,,,,,,0.0,kg,shopify,100,deny,manual,15.00,,FALSE,TRUE,,https://s3.amazonaws.com/croftshillent.com-photos/AGPB.png,,,15.00,15.00,active
bagon,Bagon,,croftshill-enterprise,Home & Garden,,AGPB260ml,FALSE,Unit,260 Ml,,,,,,0.0,kg,shopify,100,deny,manual,545.00,,FALSE,TRUE,,https://s3.amazonaws.com/croftshillent.com-photos/AGPB260ml.png,,,545.00,545.00,active
baygon,Baygon,,croftshill-enterprise,Home & Garden,,AGPB400ML,FALSE,Unit,400 Ml,,,,,,0.0,kg,shopify,100,deny,manual,885.00,,FALSE,TRUE,,https://s3.amazonaws.com/croftshillent.com-photos/AGPB400ML.png,,,885.00,885.00,active
baygon,Baygon,,croftshill-enterprise,Home & Garden,,AGPB600ML,FALSE,Unit,600 Ml,,,,,,0.0,kg,shopify,100,deny,manual,1275.00,,FALSE,TRUE,,https://s3.amazonaws.com/croftshillent.com-photos/AGPB600ML.png,,,1275.00,1275.00,active
cockroach-powder,Cockroach Powder,,croftshill-enterprise,Home & Garden,,AGPCP,FALSE,Title,Default Title,,,,,,0.0,kg,shopify,100,deny,manual,120.00,,FALSE,TRUE,,https://s3.amazonaws.com/croftshillent.com-photos/AGPCP.png,,,120.00,120.00,active
caratrax,Caratrax,,croftshill-enterprise,Home & Garden,,AGPCX250ML,FALSE,Unit,250 Ml,,,,,,0.0,kg,shopify,100,deny,manual,1500.00,,FALSE,TRUE,,https://s3.amazonaws.com/croftshillent.com-photos/AGPCX250ML.png,,,1500.00,1500.00,active
diazinon,Diazinon,,croftshill-enterprise,Home & Garden,,AGPD,FALSE,Unit,Pint,,,,,,0.0,kg,shopify,100,deny,manual,1130.00,,FALSE,TRUE,,https://s3.amazonaws.com/croftshillent.com-photos/AGPD.png,,,1130.00,1130.00,active
diazanon,Diazanon,,croftshill-enterprise,Home & Garden,,AGPD250ml,FALSE,Unit,250 Ml,,,,,,0.0,kg,shopify,100,deny,manual,850.00,,FALSE,TRUE,,https://s3.amazonaws.com/croftshillent.com-photos/AGPD250ml.png,,,850.00,850.00,active
diazanon,Diazanon,,croftshill-enterprise,Home & Garden,,AGPDD100ML,FALSE,Unit,100 Ml,,,,,,0.0,kg,shopify,100,deny,manual,500.00,,FALSE,TRUE,,https://s3.amazonaws.com/croftshillent.com-photos/AGPDD100ML.png,,,500.00,500.00,active
dipel-oz,Dipel Oz,,croftshill-enterprise,Home & Garden,,AGPDIPEL,FALSE,Title,Default Title,,,,,,0.0,kg,shopify,100,deny,manual,200.00,,FALSE,TRUE,,https://s3.amazonaws.com/croftshillent.com-photos/AGPDIPEL.png,,,200.00,200.00,active
poultry-feeder-hanging,Poultry Feeder Hanging,,croftshill-enterprise,Home & Garden,,AGPFH,FALSE,Title,Default Title,,,,,,0.0,kg,shopify,100,deny,manual,2205.00,,FALSE,TRUE,,https://s3.amazonaws.com/croftshillent.com-photos/AGPFH.png,,,2205.00,2205.00,active
fly-and-insect-glue,Fly And Insect Glue,,croftshill-enterprise,Home & Garden,,AGPFIG,FALSE,Title,Default Title,,,,,,0.0,kg,shopify,100,deny,manual,80.00,,FALSE,TRUE,,https://s3.amazonaws.com/croftshillent.com-photos/AGPFIG.png,,,80.00,80.00,active
fly-ribbon,Fly Ribbon,,croftshill-enterprise,Home & Garden,,AGPFR,FALSE,Title,Default Title,,,,,,0.0,kg,shopify,100,deny,manual,55.00,,FALSE,TRUE,,https://s3.amazonaws.com/croftshillent.com-photos/AGPFR.png,,,55.00,55.00,active
silvertone-flea-and-tick-killer,Silvertone Flea And Tick Killer,,croftshill-enterprise,Home & Garden,,AGPFTPS,FALSE,Title,Default Title,,,,,,0.0,kg,shopify,100,deny,manual,565.00,,FALSE,TRUE,,https://s3.amazonaws.com/croftshillent.com-photos/AGPFTPS.png,,,565.00,565.00,active
jeyes-fluid-half-flask,Jeyes Fluid Half Flask,,croftshill-enterprise,Home & Garden,,AGPJF12oz,FALSE,Title,Default Title,,,,,,0.0,kg,shopify,100,deny,manual,800.00,,FALSE,TRUE,,https://s3.amazonaws.com/croftshillent.com-photos/AGPJF12oz.png,,,800.00,800.00,active
karate-250-ml,Karate 250 Ml,,croftshill-enterprise,Home & Garden,,AGPK250ml,FALSE,Title,Default Title,,,,,,0.0,kg,shopify,100,deny,manual,2500.00,,FALSE,TRUE,,https://s3.amazonaws.com/croftshillent.com-photos/AGPK250ml.png,,,2500.00,2500.00,active
malathion-250-ml,Malathion 250 Ml,,croftshill-enterprise,Home & Garden,,AGPM,FALSE,Title,Default Title,,,,,,0.0,kg,shopify,100,deny,manual,1000.00,,FALSE,TRUE,,https://s3.amazonaws.com/croftshillent.com-photos/AGPM.png,,,1000.00,1000.00,active
pyro-spray,Pyro Spray,,croftshill-enterprise,Home & Garden,,AGPP285,FALSE,Unit,285 Ml,,,,,,0.0,kg,shopify,100,deny,manual,650.00,,FALSE,TRUE,,https://s3.amazonaws.com/croftshillent.com-photos/AGPP285.png,,,650.00,650.00,active
pyro-spray,Pyro Spray,,croftshill-enterprise,Home & Garden,,AGPP350,FALSE,Unit,350 Ml,,,,,,0.0,kg,shopify,100,deny,manual,700.00,,FALSE,TRUE,,https://s3.amazonaws.com/croftshillent.com-photos/AGPP350.png,,,700.00,700.00,active
pyro-spray,Pyro Spray,,croftshill-enterprise,Home & Garden,,AGPP450,FALSE,Unit,450 Ml,,,,,,0.0,kg,shopify,100,deny,manual,800.00,,FALSE,TRUE,,https://s3.amazonaws.com/croftshillent.com-photos/AGPP450.png,,,800.00,800.00,active
pyro-spray,Pyro Spray,,croftshill-enterprise,Home & Garden,,AGPP600,FALSE,Unit,600 Ml,,,,,,0.0,kg,shopify,100,deny,manual,980.00,,FALSE,TRUE,,https://s3.amazonaws.com/croftshillent.com-photos/AGPP600.png,,,980.00,980.00,active
protox-spray,Protox Spray,,croftshill-enterprise,Home & Garden,,AGPPX200,FALSE,Unit,200 Ml Spray,,,,,,0.0,kg,shopify,100,deny,manual,420.00,,FALSE,TRUE,,https://s3.amazonaws.com/croftshillent.com-photos/AGPPX200.png,,,420.00,420.00,active
protox-spray,Protox Spray,,croftshill-enterprise,Home & Garden,,AGPPX400,FALSE,Unit,400 Ml Spray,,,,,,0.0,kg,shopify,100,deny,manual,540.00,,FALSE,TRUE,,https://s3.amazonaws.com/croftshillent.com-photos/AGPPX400.png,,,540.00,540.00,active
protex-spray,Protex Spray,,croftshill-enterprise,Home & Garden,,AGPPX600,FALSE,Unit,600 Ml,,,,,,0.0,kg,shopify,100,deny,manual,750.00,,FALSE,TRUE,,https://s3.amazonaws.com/croftshillent.com-photos/AGPPX600.png,,,750.00,750.00,active
rid-o-pest-12-oz,Rid O Pest 12 Oz,,croftshill-enterprise,Home & Garden,,AGPROP12,FALSE,Title,Default Title,,,,,,0.0,kg,shopify,100,deny,manual,770.00,,FALSE,TRUE,,https://s3.amazonaws.com/croftshillent.com-photos/AGPROP12.png,,,770.00,770.00,active
slug-pellets-lb,Slug Pellets Lb,,croftshill-enterprise,Home & Garden,,AGPSP,FALSE,Title,Default Title,,,,,,0.0,kg,shopify,100,deny,manual,550.00,,FALSE,TRUE,,https://s3.amazonaws.com/croftshillent.com-photos/AGPSP.png,,,550.00,550.00,active
carlo-screw-worm-spray,Carlo Screw Worm Spray,,croftshill-enterprise,Home & Garden,,AGPSWC200ml,FALSE,Unit,200 Ml,,,,,,0.0,kg,shopify,100,deny,manual,650.00,,FALSE,TRUE,,https://s3.amazonaws.com/croftshillent.com-photos/AGPSWC200ml.png,,,650.00,650.00,active
triatix,Triatix,,croftshill-enterprise,Home & Garden,,AGPT,FALSE,Title,Default Title,,,,,,0.0,kg,shopify,100,deny,manual,500.00,,FALSE,TRUE,,https://s3.amazonaws.com/croftshillent.com-photos/AGPT.png,,,500.00,500.00,active
asuntol-tick-wash,Asuntol Tick Wash,,croftshill-enterprise,Home & Garden,,AGPTWA,FALSE,Title,Default Title,,,,,,0.0,kg,shopify,100,deny,manual,480.00,,FALSE,TRUE,,https://s3.amazonaws.com/croftshillent.com-photos/AGPTWA.png,,,480.00,480.00,active
cypermethrin,Cypermethrin,,croftshill-enterprise,Home & Garden,,AGPTWS150ML,FALSE,Unit,150 Ml,,,,,,0.0,kg,shopify,100,deny,manual,275.00,,FALSE,TRUE,,https://s3.amazonaws.com/croftshillent.com-photos/AGPTWS150ML.png,,,275.00,275.00,active
cypermethrin,Cypermethrin,,croftshill-enterprise,Home & Garden,,AGPTWS240ml,FALSE,Unit,240 Ml,,,,,,0.0,kg,shopify,100,deny,manual,670.00,,FALSE,TRUE,,https://s3.amazonaws.com/croftshillent.com-photos/AGPTWS240ml.png,,,670.00,670.00,active
vape-insect-spray,Vape Insect Spray,,croftshill-enterprise,Home & Garden,,AGPV400,FALSE,Unit,400 Ml,,,,,,0.0,kg,shopify,100,deny,manual,810.00,,FALSE,TRUE,,https://s3.amazonaws.com/croftshillent.com-photos/AGPV400.png,,,810.00,810.00,active
vape-insect-spray,Vape Insect Spray,,croftshill-enterprise,Home & Garden,,AGPV600,FALSE,Unit,600 Ml,,,,,,0.0,kg,shopify,100,deny,manual,1100.00,,FALSE,TRUE,,https://s3.amazonaws.com/croftshillent.com-photos/AGPV600.png,,,1100.00,1100.00,active
poultry-waterer,Poultry Waterer,,croftshill-enterprise,Home & Garden,,AGPW1,FALSE,Unit,1 Gallon,,,,,,0.0,kg,shopify,100,deny,manual,1000.00,,FALSE,TRUE,,https://s3.amazonaws.com/croftshillent.com-photos/AGPW1.png,,,1000.00,1000.00,active
poultry-waterer,Poultry Waterer,,croftshill-enterprise,Home & Garden,,AGPW2,FALSE,Unit,2 Gallon,,,,,,0.0,kg,shopify,100,deny,manual,1865.00,,FALSE,TRUE,,https://s3.amazonaws.com/croftshillent.com-photos/AGPW2.png,,,1865.00,1865.00,active
wood-preservative-and-termite-killer,Wood Preservative And Termite Killer,,croftshill-enterprise,Home & Garden,,AGPWPTK,FALSE,Title,Default Title,,,,,,0.0,kg,shopify,100,deny,manual,750.00,,FALSE,TRUE,,https://s3.amazonaws.com/croftshillent.com-photos/AGPWPTK.png,,,750.00,750.00,active
rope-lb,Rope Lb,,croftshill-enterprise,Home & Garden,,AGR,FALSE,Title,Default Title,,,,,,0.0,kg,shopify,100,deny,manual,580.00,,FALSE,TRUE,,https://s3.amazonaws.com/croftshillent.com-photos/AGR.png,,,580.00,580.00,active
clothes-line-rope-fine-rope-lb,Clothes Line Rope Fine Rope Lb,,croftshill-enterprise,Home & Garden,,AGRCL,FALSE,Title,Default Title,,,,,,0.0,kg,shopify,100,deny,manual,650.00,,FALSE,TRUE,,https://s3.amazonaws.com/croftshillent.com-photos/AGRCL.png,,,650.00,650.00,active
swivle,Swivle,,croftshill-enterprise,Home & Garden,,AGRSEXL,FALSE,Size,Extra Large,,,,,,0.0,kg,shopify,100,deny,manual,650.00,,FALSE,TRUE,,https://s3.amazonaws.com/croftshillent.com-photos/AGRSEXL.png,,,650.00,650.00,active
swivel,Swivel,,croftshill-enterprise,Home & Garden,,AGRSL,FALSE,Size,Large,,,,,,0.0,kg,shopify,100,deny,manual,570.00,,FALSE,TRUE,,https://s3.amazonaws.com/croftshillent.com-photos/AGRSL.png,,,570.00,570.00,active
swivel,Swivel,,croftshill-enterprise,Home & Garden,,AGRSM,FALSE,Size,Medium,,,,,,0.0,kg,shopify,100,deny,manual,530.00,,FALSE,TRUE,,https://s3.amazonaws.com/croftshillent.com-photos/AGRSM.png,,,530.00,530.00,active
swivel,Swivel,,croftshill-enterprise,Home & Garden,,AGRSS,FALSE,Size,Small,,,,,,0.0,kg,shopify,100,deny,manual,450.00,,FALSE,TRUE,,https://s3.amazonaws.com/croftshillent.com-photos/AGRSS.png,,,450.00,450.00,active
rope-swivle,Rope Swivle,,croftshill-enterprise,Home & Garden,,AGRSLF,FALSE,Size,Large Factory Made,,,,,,0.0,kg,shopify,100,deny,manual,600.00,,FALSE,TRUE,,https://s3.amazonaws.com/croftshillent.com-photos/AGRSLF.png,,,600.00,600.00,active
rope-swivle,Rope Swivle,,croftshill-enterprise,Home & Garden,,AGRSMF,FALSE,Size,Medium Factory Made,,,,,,0.0,kg,shopify,100,deny,manual,580.00,,FALSE,TRUE,,https://s3.amazonaws.com/croftshillent.com-photos/AGRSMF.png,,,580.00,580.00,active
rope-swivle,Rope Swivle,,croftshill-enterprise,Home & Garden,,AGRSSF,FALSE,Size,Small Factory Made,,,,,,0.0,kg,shopify,100,deny,manual,500.00,,FALSE,TRUE,,https://s3.amazonaws.com/croftshillent.com-photos/AGRSSF.png,,,500.00,500.00,active
broccoli,Broccoli,,croftshill-enterprise,Home & Garden,,AGSB,FALSE,Title,Default Title,,,,,,0.0,kg,shopify,100,deny,manual,815.00,,FALSE,TRUE,,https://s3.amazonaws.com/croftshillent.com-photos/AGSB.png,,,815.00,815.00,active
cucumber-seed-pandia-100-g,Cucumber Seed Pandia 100 G,,croftshill-enterprise,Home & Garden,,AGSC,FALSE,Title,Default Title,,,,,,0.0,kg,shopify,100,deny,manual,1350.00,,FALSE,TRUE,,https://s3.amazonaws.com/croftshillent.com-photos/AGSC.png,,,1350.00,1350.00,active
callallo-seed,Callallo Seed,,croftshill-enterprise,Home & Garden,,AGSCAL,FALSE,Title,Default Title,,,,,,0.0,kg,shopify,100,deny,manual,115.00,,FALSE,TRUE,,https://s3.amazonaws.com/croftshillent.com-photos/AGSCAL.png,,,115.00,115.00,active
cauliflower,Cauliflower,,croftshill-enterprise,Home & Garden,,AGSCau,FALSE,Title,Default Title,,,,,,0.0,kg,shopify,100,deny,manual,565.00,,FALSE,TRUE,,https://s3.amazonaws.com/croftshillent.com-photos/AGSCau.png,,,565.00,565.00,active
carrot-seed-tin-100-g,Carrot Seed Tin 100 G,,croftshill-enterprise,Home & Garden,,AGSCgp,FALSE,Title,Default Title,,,,,,0.0,kg,shopify,100,deny,manual,1500.00,,FALSE,TRUE,,https://s3.amazonaws.com/croftshillent.com-photos/AGSCgp.png,,,1500.00,1500.00,active
cabbage-resist-crown-pack,Cabbage Resist Crown Pack,,croftshill-enterprise,Home & Garden,,AGSCRCP,FALSE,Title,Default Title,,,,,,0.0,kg,shopify,100,deny,manual,550.00,,FALSE,TRUE,,https://s3.amazonaws.com/croftshillent.com-photos/AGSCRCP.png,,,550.00,550.00,active
cabbage-trop-2000-seeds,Cabbage Trop 2000 Seeds,,croftshill-enterprise,Home & Garden,,AGSCT2000,FALSE,Title,Default Title,,,,,,0.0,kg,shopify,100,deny,manual,1470.00,,FALSE,TRUE,,https://s3.amazonaws.com/croftshillent.com-photos/AGSCT2000.png,,,1470.00,1470.00,active
lettuce,Lettuce,,croftshill-enterprise,Home & Garden,,AGSLgl,FALSE,Type,Great Lakes,,,,,,0.0,kg,shopify,100,deny,manual,1690.00,,FALSE,TRUE,,https://s3.amazonaws.com/croftshillent.com-photos/AGSLgl.png,,,1690.00,1690.00,active
lettuce,Lettuce,,croftshill-enterprise,Home & Garden,,AGSLi,FALSE,Type,Iceberg,,,,,,0.0,kg,shopify,100,deny,manual,1450.00,,FALSE,TRUE,,https://s3.amazonaws.com/croftshillent.com-photos/AGSLi.png,,,1450.00,1450.00,active
okra-seed,Okra Seed,,croftshill-enterprise,Home & Garden,,AGSO,FALSE,Title,Default Title,,,,,,0.0,kg,shopify,100,deny,manual,680.00,,FALSE,TRUE,,https://s3.amazonaws.com/croftshillent.com-photos/AGSO.png,,,680.00,680.00,active
pruning-scissors,Pruning Scissors,,croftshill-enterprise,Home & Garden,,AGSP,FALSE,Title,Default Title,,,,,,0.0,kg,shopify,100,deny,manual,1000.00,,FALSE,TRUE,,https://s3.amazonaws.com/croftshillent.com-photos/AGSP.png,,,1000.00,1000.00,active
spray-pan,Spray Pan,,croftshill-enterprise,Home & Garden,,AGSP15L,FALSE,Unit,15 Litre,,,,,,0.0,kg,shopify,100,deny,manual,6000.00,,FALSE,TRUE,,https://s3.amazonaws.com/croftshillent.com-photos/AGSP15L.png,,,6000.00,6000.00,active
spray-pan,Spray Pan,,croftshill-enterprise,Home & Garden,,AGSP16LF,FALSE,Unit,16 Litre Federalli,,,,,,0.0,kg,shopify,100,deny,manual,5935.00,,FALSE,TRUE,,https://s3.amazonaws.com/croftshillent.com-photos/AGSP16LF.png,,,5935.00,5935.00,active
spray-pan,Spray Pan,,croftshill-enterprise,Home & Garden,,AGSP19L,FALSE,Unit,19 Litre,,,,,,0.0,kg,shopify,100,deny,manual,7000.00,,FALSE,TRUE,,https://s3.amazonaws.com/croftshillent.com-photos/AGSP19L.png,,,7000.00,7000.00,active
spray-pan,Spray Pan,,croftshill-enterprise,Home & Garden,,AGSP20L,FALSE,Unit,20 Litre,,,,,,0.0,kg,shopify,100,deny,manual,10000.00,,FALSE,TRUE,,https://s3.amazonaws.com/croftshillent.com-photos/AGSP20L.png,,,10000.00,10000.00,active
spray-bottle-federali-1-litre,Spray Bottle Federali 1 Litre,,croftshill-enterprise,Home & Garden,,AGSPB,FALSE,Title,Default Title,,,,,,0.0,kg,shopify,100,deny,manual,1000.00,,FALSE,TRUE,,https://s3.amazonaws.com/croftshillent.com-photos/AGSPB.png,,,1000.00,1000.00,active
pak-choy,Pak Choy,,croftshill-enterprise,Home & Garden,,AGSPCp,FALSE,Type,Tin,,,,,,0.0,kg,shopify,100,deny,manual,1600.00,,FALSE,TRUE,,https://s3.amazonaws.com/croftshillent.com-photos/AGSPCp.png,,,1600.00,1600.00,active
pak-choy,Pak Choy,,croftshill-enterprise,Home & Garden,,AGSPCP200g,FALSE,Type,200 GRAM PACK,,,,,,0.0,kg,shopify,100,deny,manual,1000.00,,FALSE,TRUE,,https://s3.amazonaws.com/croftshillent.com-photos/AGSPCP200g.png,,,1000.00,1000.00,active
spray-pan,Spray Pan,,croftshill-enterprise,Home & Garden,,AGSPO6L,FALSE,Type,Osatu 6 Litre,,,,,,0.0,kg,shopify,100,deny,manual,5000.00,,FALSE,TRUE,,https://s3.amazonaws.com/croftshillent.com-photos/AGSPO6L.png,,,5000.00,5000.00,active
red-peas,Red Peas,,croftshill-enterprise,Home & Garden,,AGSRP,FALSE,Title,Default Title,,,,,,0.0,kg,shopify,100,deny,manual,225.00,,FALSE,TRUE,,https://s3.amazonaws.com/croftshillent.com-photos/AGSRP.png,,,225.00,225.00,active
spreader-sticker-qt,Spreader Sticker Qt,,croftshill-enterprise,Home & Garden,,AGSS,FALSE,Title,Default Title,,,,,,0.0,kg,shopify,100,deny,manual,500.00,,FALSE,TRUE,,https://s3.amazonaws.com/croftshillent.com-photos/AGSS.png,,,500.00,500.00,active
string-beans,String Beans,,croftshill-enterprise,Home & Garden,,AGSSB,FALSE,Title,Default Title,,,,,,0.0,kg,shopify,100,deny,manual,300.00,,FALSE,TRUE,,https://s3.amazonaws.com/croftshillent.com-photos/AGSSB.png,,,300.00,300.00,active
scotch-bonnet-pepper-seed-oz,Scotch Bonnet Pepper Seed Oz,,croftshill-enterprise,Home & Garden,,AGSSBP,FALSE,Title,Default Title,,,,,,0.0,kg,shopify,100,deny,manual,85.00,,FALSE,TRUE,,https://s3.amazonaws.com/croftshillent.com-photos/AGSSBP.png,,,85.00,85.00,active
sweet-pepper-seeds-calif-wonder,Sweet Pepper Seeds Calif Wonder,,croftshill-enterprise,Home & Garden,,AGSSPcw,FALSE,Title,Default Title,,,,,,0.0,kg,shopify,100,deny,manual,1760.00,,FALSE,TRUE,,https://s3.amazonaws.com/croftshillent.com-photos/AGSSPcw.png,,,1760.00,1760.00,active
sweet-pepper-king-henry-oz,Sweet Pepper King Henry Oz,,croftshill-enterprise,Home & Garden,,AGSSPKH,FALSE,Title,Default Title,,,,,,0.0,kg,shopify,100,deny,manual,2060.00,,FALSE,TRUE,,https://s3.amazonaws.com/croftshillent.com-photos/AGSSPKH.png,,,2060.00,2060.00,active
tomato-seed,Tomato Seed,,croftshill-enterprise,Home & Garden,,AGSTF,FALSE,Type,Florodale Oz,,,,,,0.0,kg,shopify,100,deny,manual,300.00,,FALSE,TRUE,,https://s3.amazonaws.com/croftshillent.com-photos/AGSTF.png,,,300.00,300.00,active
tomato-seed,Tomato Seed,,croftshill-enterprise,Home & Garden,,AGSTR,FALSE,Type,Roma Oz,,,,,,0.0,kg,shopify,100,deny,manual,275.00,,FALSE,TRUE,,https://s3.amazonaws.com/croftshillent.com-photos/AGSTR.png,,,275.00,275.00,active
barb-wire,Barb Wire,,croftshill-enterprise,Home & Garden,,AGWB200M,FALSE,Length,200 Meteres,,,,,,0.0,kg,shopify,100,deny,manual,9000.00,,FALSE,TRUE,,https://s3.amazonaws.com/croftshillent.com-photos/AGWB200M.png,,,9000.00,9000.00,active
barb-wire,Barb Wire,,croftshill-enterprise,Home & Garden,,AGWB400M,FALSE,Length,400 Meters,,,,,,0.0,kg,shopify,100,deny,manual,14500.00,,FALSE,TRUE,,https://s3.amazonaws.com/croftshillent.com-photos/AGWB400M.png,,,14500.00,14500.00,active
hog-wire-4,Hog Wire 4,,croftshill-enterprise,Home & Garden,,AGWH4,FALSE,Title,Default Title,,,,,,0.0,kg,shopify,100,deny,manual,19875.00,,FALSE,TRUE,,https://s3.amazonaws.com/croftshillent.com-photos/AGWH4.png,,,19875.00,19875.00,active
mesh-wire,Mesh Wire,,croftshill-enterprise,Home & Garden,,AGWM3,FALSE,Length,Yd 3 19500 Per Roll,,,,,,0.0,kg,shopify,100,deny,manual,520.00,,FALSE,TRUE,,https://s3.amazonaws.com/croftshillent.com-photos/AGWM3.png,,,520.00,520.00,active
mesh-wire,Mesh Wire,,croftshill-enterprise,Home & Garden,,AGWM4,FALSE,Length,Yd 4 22000 Per Roll,,,,,,0.0,kg,shopify,100,deny,manual,580.00,,FALSE,TRUE,,https://s3.amazonaws.com/croftshillent.com-photos/AGWM4.png,,,580.00,580.00,active
2-4-d-weedicide,2 4 D Weedicide,,croftshill-enterprise,Home & Garden,,AGWS24D1L,FALSE,Unit,1 L,,,,,,0.0,kg,shopify,100,deny,manual,1050.00,,FALSE,TRUE,,https://s3.amazonaws.com/croftshillent.com-photos/AGWS24D1L.png,,,1050.00,1050.00,active
8-l-2-4-d-weedicide,8 L 2 4 D Weedicide,,croftshill-enterprise,Home & Garden,,AGWS24D3,FALSE,Unit,Gal,,,,,,0.0,kg,shopify,100,deny,manual,3300.00,,FALSE,TRUE,,https://s3.amazonaws.com/croftshillent.com-photos/AGWS24D3.png,,,3300.00,3300.00,active
4-d-amine-1-litre,4 D Amine 1 Litre,,croftshill-enterprise,Home & Garden,,AGWS6D,FALSE,Title,Default Title,,,,,,0.0,kg,shopify,100,deny,manual,2000.00,,FALSE,TRUE,,https://s3.amazonaws.com/croftshillent.com-photos/AGWS6D.png,,,2000.00,2000.00,active
atrimet-combi-qt,Atrimet Combi Qt,,croftshill-enterprise,Home & Garden,,AGWSAC,FALSE,Title,Default Title,,,,,,0.0,kg,shopify,100,deny,manual,1220.00,,FALSE,TRUE,,https://s3.amazonaws.com/croftshillent.com-photos/AGWSAC.png,,,1220.00,1220.00,active
diuron-1-litre,Diuron 1 Litre,,croftshill-enterprise,Home & Garden,,AGWSD,FALSE,Title,Default Title,,,,,,0.0,kg,shopify,100,deny,manual,2000.00,,FALSE,TRUE,,https://s3.amazonaws.com/croftshillent.com-photos/AGWSD.png,,,2000.00,2000.00,active
glyphos-1-l,Glyphos 1 L,,croftshill-enterprise,Home & Garden,,AGWSG1L,FALSE,Title,Default Title,,,,,,0.0,kg,shopify,100,deny,manual,1800.00,,FALSE,TRUE,,https://s3.amazonaws.com/croftshillent.com-photos/AGWSG1L.png,,,1800.00,1800.00,active
8-l-glyphos-3-8-l,8 L Glyphos 3 8 L,,croftshill-enterprise,Home & Garden,,AGWSG3,FALSE,Title,Default Title,,,,,,0.0,kg,shopify,100,deny,manual,6780.00,,FALSE,TRUE,,https://s3.amazonaws.com/croftshillent.com-photos/AGWSG3.png,,,6780.00,6780.00,active
glyphosate-litre,Glyphosate Litre,,croftshill-enterprise,Home & Garden,,AGWSGL,FALSE,Title,Default Title,,,,,,0.0,kg,shopify,100,deny,manual,2200.00,,FALSE,TRUE,,https://s3.amazonaws.com/croftshillent.com-photos/AGWSGL.png,,,2200.00,2200.00,active
gai-quat-1-litre,Gai Quat 1 Litre,,croftshill-enterprise,Home & Garden,,AGWSGQ1L,FALSE,Title,Default Title,,,,,,0.0,kg,shopify,100,deny,manual,1600.00,,FALSE,TRUE,,https://s3.amazonaws.com/croftshillent.com-photos/AGWSGQ1L.png,,,1600.00,1600.00,active
gramoxone-super,Gramoxone Super,,croftshill-enterprise,Home & Garden,,AGWSGS1L,FALSE,Unit,1 Litre,,,,,,0.0,kg,shopify,100,deny,manual,1875.00,,FALSE,TRUE,,https://s3.amazonaws.com/croftshillent.com-photos/AGWSGS1L.png,,,1875.00,1875.00,active
gromoxone-super,Gromoxone Super,,croftshill-enterprise,Home & Garden,,AGWSGS250ml,FALSE,Unit,250 Ml,,,,,,0.0,kg,shopify,100,deny,manual,800.00,,FALSE,TRUE,,https://s3.amazonaws.com/croftshillent.com-photos/AGWSGS250ml.png,,,800.00,800.00,active
krismat-lb,Krismat Lb,,croftshill-enterprise,Home & Garden,,AGWSK,FALSE,Title,Default Title,,,,,,0.0,kg,shopify,100,deny,manual,2125.00,,FALSE,TRUE,,https://s3.amazonaws.com/croftshillent.com-photos/AGWSK.png,,,2125.00,2125.00,active
karmex-lb,Karmex Lb,,croftshill-enterprise,Home & Garden,,AGWSKar,FALSE,Title,Default Title,,,,,,0.0,kg,shopify,100,deny,manual,1415.00,,FALSE,TRUE,,https://s3.amazonaws.com/croftshillent.com-photos/AGWSKar.png,,,1415.00,1415.00,active
lavax,Lavax,,croftshill-enterprise,Home & Garden,,AGWSLG,FALSE,Unit,Gallon,,,,,,0.0,kg,shopify,100,deny,manual,4500.00,,FALSE,TRUE,,https://s3.amazonaws.com/croftshillent.com-photos/AGWSLG.png,,,4500.00,4500.00,active
lavox,Lavox,,croftshill-enterprise,Home & Garden,,AGWSLq,FALSE,Unit,Quart,,,,,,0.0,kg,shopify,100,deny,manual,1300.00,,FALSE,TRUE,,https://s3.amazonaws.com/croftshillent.com-photos/AGWSLq.png,,,1300.00,1300.00,active
pilardir,Pilardir,,croftshill-enterprise,Home & Garden,,AGWSP,FALSE,Title,Default Title,,,,,,0.0,kg,shopify,100,deny,manual,1800.00,,FALSE,TRUE,,https://s3.amazonaws.com/croftshillent.com-photos/AGWSP.png,,,1800.00,1800.00,active
paraquat-super,Paraquat Super,,croftshill-enterprise,Home & Garden,,AGWSP1L,FALSE,Unit,1 L,,,,,,0.0,kg,shopify,100,deny,manual,1770.00,,FALSE,TRUE,,https://s3.amazonaws.com/croftshillent.com-photos/AGWSP1L.png,,,1770.00,1770.00,active
paraquat-super,Paraquat Super,,croftshill-enterprise,Home & Garden,,AGWSP3.8L,FALSE,Unit,3 8 L,,,,,,0.0,kg,shopify,100,deny,manual,4120.00,,FALSE,TRUE,,https://s3.amazonaws.com/croftshillent.com-photos/AGWSP3.8L.png,,,4120.00,4120.00,active
water-sprinkler-rotating,Water Sprinkler Rotating,,croftshill-enterprise,Home & Garden,,AGWSR,FALSE,Title,Default Title,,,,,,0.0,kg,shopify,100,deny,manual,745.00,,FALSE,TRUE,,https://s3.amazonaws.com/croftshillent.com-photos/AGWSR.png,,,745.00,745.00,active
riddown,Riddown,,croftshill-enterprise,Home & Garden,,AGWSRG,FALSE,Unit,GALLON Systemic Spray,,,,,,0.0,kg,shopify,100,deny,manual,4700.00,,FALSE,TRUE,,https://s3.amazonaws.com/croftshillent.com-photos/AGWSRG.png,,,4700.00,4700.00,active
riddown,Riddown,,croftshill-enterprise,Home & Garden,,AGWSRQ,FALSE,Unit,QUART Systemic Weed Killer,,,,,,0.0,kg,shopify,100,deny,manual,1400.00,,FALSE,TRUE,,https://s3.amazonaws.com/croftshillent.com-photos/AGWSRQ.png,,,1400.00,1400.00,active
round-up,Round Up,,croftshill-enterprise,Home & Garden,,AGWSRU1L,FALSE,Unit,1 Litre,,,,,,0.0,kg,shopify,100,deny,manual,2300.00,,FALSE,TRUE,,https://s3.amazonaws.com/croftshillent.com-photos/AGWSRU1L.png,,,2300.00,2300.00,active
velzone,Velzone,,croftshill-enterprise,Home & Garden,,AGWSV1L,FALSE,Unit,1 Litre,,,,,,0.0,kg,shopify,100,deny,manual,2375.00,,FALSE,TRUE,,https://s3.amazonaws.com/croftshillent.com-photos/AGWSV1L.png,,,2375.00,2375.00,active
touchdown,Touchdown,,croftshill-enterprise,Home & Garden,,AGWTD,FALSE,Unit,Qt,,,,,,0.0,kg,shopify,100,deny,manual,1355.00,,FALSE,TRUE,,https://s3.amazonaws.com/croftshillent.com-photos/AGWTD.png,,,1355.00,1355.00,active
break-fluid,Break Fluid,,croftshill-enterprise,Vehicles & Parts,,AUBF,FALSE,Title,Default Title,,,,,,0.0,kg,shopify,100,deny,manual,520.00,,FALSE,TRUE,,https://s3.amazonaws.com/croftshillent.com-photos/AUBF.png,,,520.00,520.00,active
battery-terminal,Battery Terminal,,croftshill-enterprise,Vehicles & Parts,,AUBT,FALSE,Title,Default Title,,,,,,0.0,kg,shopify,100,deny,manual,100.00,,FALSE,TRUE,,https://s3.amazonaws.com/croftshillent.com-photos/AUBT.png,,,100.00,100.00,active
battery-terminal-cleaner,Battery Terminal Cleaner,,croftshill-enterprise,Vehicles & Parts,,AUBTC,FALSE,Title,Default Title,,,,,,0.0,kg,shopify,100,deny,manual,320.00,,FALSE,TRUE,,https://s3.amazonaws.com/croftshillent.com-photos/AUBTC.png,,,320.00,320.00,active
fuse,Fuse,,croftshill-enterprise,Vehicles & Parts,,AUF,FALSE,Title,Default Title,,,,,,0.0,kg,shopify,100,deny,manual,30.00,,FALSE,TRUE,,https://s3.amazonaws.com/croftshillent.com-photos/AUF.png,,,30.00,30.00,active
fix-it-pro,Fix It Pro,,croftshill-enterprise,Vehicles & Parts,,AUFIP,FALSE,Title,Default Title,,,,,,0.0,kg,shopify,100,deny,manual,115.00,,FALSE,TRUE,,https://s3.amazonaws.com/croftshillent.com-photos/AUFIP.png,,,115.00,115.00,active
inspection-lamp,Inspection Lamp,,croftshill-enterprise,Vehicles & Parts,,AUIL,FALSE,Title,Default Title,,,,,,0.0,kg,shopify,100,deny,manual,505.00,,FALSE,TRUE,,https://s3.amazonaws.com/croftshillent.com-photos/AUIL.png,,,505.00,505.00,active
jumper-cable-light-auto,Jumper Cable Light Auto,,croftshill-enterprise,Vehicles & Parts,,AUJCLt,FALSE,Title,Default Title,,,,,,0.0,kg,shopify,100,deny,manual,1245.00,,FALSE,TRUE,,https://s3.amazonaws.com/croftshillent.com-photos/AUJCLt.png,,,1245.00,1245.00,active
lug-tool-4-way,Lug Tool 4 Way,,croftshill-enterprise,Vehicles & Parts,,AULT4W,FALSE,Title,Default Title,,,,,,0.0,kg,shopify,100,deny,manual,1380.00,,FALSE,TRUE,,https://s3.amazonaws.com/croftshillent.com-photos/AULT4W.png,,,1380.00,1380.00,active
map-light,Map Light,,croftshill-enterprise,Vehicles & Parts,,AUML,FALSE,Title,Default Title,,,,,,0.0,kg,shopify,100,deny,manual,180.00,,FALSE,TRUE,,https://s3.amazonaws.com/croftshillent.com-photos/AUML.png,,,180.00,180.00,active
40-d-motor-oil-15-w-40-quart-diesel,40 D Motor Oil 15 W 40 Quart Diesel,,croftshill-enterprise,Vehicles & Parts,,AUO15,FALSE,Title,Default Title,,,,,,0.0,kg,shopify,100,deny,manual,865.00,,FALSE,TRUE,,https://s3.amazonaws.com/croftshillent.com-photos/AUO15.png,,,865.00,865.00,active
oil-2-stroke,Oil 2 Stroke,,croftshill-enterprise,Vehicles & Parts,,AUO2S,FALSE,Title,Default Title,,,,,,0.0,kg,shopify,100,deny,manual,345.00,,FALSE,TRUE,,https://s3.amazonaws.com/croftshillent.com-photos/AUO2S.png,,,345.00,345.00,active
motor-oil-40,Motor Oil 40,,croftshill-enterprise,Vehicles & Parts,,AUO40,FALSE,Title,Default Title,,,,,,0.0,kg,shopify,100,deny,manual,575.00,,FALSE,TRUE,,https://s3.amazonaws.com/croftshillent.com-photos/AUO40.png,,,575.00,575.00,active
oil-filter,Oil Filter,,croftshill-enterprise,Vehicles & Parts,,AUOF,FALSE,Title,Default Title,,,,,,0.0,kg,shopify,100,deny,manual,500.00,,FALSE,TRUE,,https://s3.amazonaws.com/croftshillent.com-photos/AUOF.png,,,500.00,500.00,active
transmision-oil,Transmision Oil,,croftshill-enterprise,Vehicles & Parts,,AUOT,FALSE,Title,Default Title,,,,,,0.0,kg,shopify,100,deny,manual,690.00,,FALSE,TRUE,,https://s3.amazonaws.com/croftshillent.com-photos/AUOT.png,,,690.00,690.00,active
armor-all,Armor All,,croftshill-enterprise,Vehicles & Parts,,AUPAA,FALSE,Title,Default Title,,,,,,0.0,kg,shopify,100,deny,manual,400.00,,FALSE,TRUE,,https://s3.amazonaws.com/croftshillent.com-photos/AUPAA.png,,,400.00,400.00,active
formula-2001,Formula 2001,,croftshill-enterprise,Vehicles & Parts,,AUPF2001,FALSE,Title,Default Title,,,,,,0.0,kg,shopify,100,deny,manual,435.00,,FALSE,TRUE,,https://s3.amazonaws.com/croftshillent.com-photos/AUPF2001.png,,,435.00,435.00,active
power-steering-fluid,Power Steering Fluid,,croftshill-enterprise,Vehicles & Parts,,AUPSF,FALSE,Title,Default Title,,,,,,0.0,kg,shopify,100,deny,manual,305.00,,FALSE,TRUE,,https://s3.amazonaws.com/croftshillent.com-photos/AUPSF.png,,,305.00,305.00,active
shamois,Shamois,,croftshill-enterprise,Vehicles & Parts,,AUS,FALSE,Title,Default Title,,,,,,0.0,kg,shopify,100,deny,manual,125.00,,FALSE,TRUE,,https://s3.amazonaws.com/croftshillent.com-photos/AUS.png,,,125.00,125.00,active
spark-plugs,Spark Plugs,,croftshill-enterprise,Vehicles & Parts,,AUSP,FALSE,Title,Default Title,,,,,,0.0,kg,shopify,100,deny,manual,115.00,,FALSE,TRUE,,https://s3.amazonaws.com/croftshillent.com-photos/AUSP.png,,,115.00,115.00,active
steering-wheel-cover,Steering Wheel Cover,,croftshill-enterprise,Vehicles & Parts,,AUSWC,FALSE,Title,Default Title,,,,,,0.0,kg,shopify,100,deny,manual,500.00,,FALSE,TRUE,,https://s3.amazonaws.com/croftshillent.com-photos/AUSWC.png,,,500.00,500.00,active
tyre-repair-kit,Tyre Repair Kit,,croftshill-enterprise,Vehicles & Parts,,AUTRK,FALSE,Title,Default Title,,,,,,0.0,kg,shopify,100,deny,manual,1200.00,,FALSE,TRUE,,https://s3.amazonaws.com/croftshillent.com-photos/AUTRK.png,,,1200.00,1200.00,active
wd-40-lubricant,Wd 40 Lubricant,,croftshill-enterprise,Vehicles & Parts,,AUWD40,FALSE,Unit,5 5 Oz,,,,,,0.0,kg,shopify,100,deny,manual,840.00,,FALSE,TRUE,,https://s3.amazonaws.com/croftshillent.com-photos/AUWD40.png,,,840.00,840.00,active
wd-40-lubricant,Wd 40 Lubricant,,croftshill-enterprise,Vehicles & Parts,,AUWD40,FALSE,Unit,8 Oz,,,,,,0.0,kg,shopify,100,deny,manual,925.00,,FALSE,TRUE,,https://s3.amazonaws.com/croftshillent.com-photos/AUWD40.png,,,925.00,925.00,active
axle,Axle,,croftshill-enterprise,Sporting Goods > Outdoor Recreation > Cycling > Bicycle Parts > Bicycle Brake Parts,,BPAC,FALSE,Type,Centre,,,,,,0.0,kg,shopify,100,deny,manual,515.00,,FALSE,TRUE,,https://s3.amazonaws.com/croftshillent.com-photos/BPAC.png,,,515.00,515.00,active
axle,Axle,,croftshill-enterprise,Sporting Goods > Outdoor Recreation > Cycling > Bicycle Parts > Bicycle Brake Parts,,BPAF,FALSE,Type,Front,,,,,,0.0,kg,shopify,100,deny,manual,265.00,,FALSE,TRUE,,https://s3.amazonaws.com/croftshillent.com-photos/BPAF.png,,,265.00,265.00,active
axle,Axle,,croftshill-enterprise,Sporting Goods > Outdoor Recreation > Cycling > Bicycle Parts > Bicycle Brake Parts,,BPAG,FALSE,Type,Gear Back,,,,,,0.0,kg,shopify,100,deny,manual,265.00,,FALSE,TRUE,,https://s3.amazonaws.com/croftshillent.com-photos/BPAG.png,,,265.00,265.00,active
break-set,Break Set,,croftshill-enterprise,Sporting Goods > Outdoor Recreation > Cycling > Bicycle Parts > Bicycle Brake Parts,,BPBS,FALSE,Title,Default Title,,,,,,0.0,kg,shopify,100,deny,manual,1310.00,,FALSE,TRUE,,https://s3.amazonaws.com/croftshillent.com-photos/BPBS.png,,,1310.00,1310.00,active
break-shoes,Break Shoes,,croftshill-enterprise,Sporting Goods > Outdoor Recreation > Cycling > Bicycle Parts > Bicycle Brake Parts,,BPBSh,FALSE,Title,Default Title,,,,,,0.0,kg,shopify,100,deny,manual,160.00,,FALSE,TRUE,,https://s3.amazonaws.com/croftshillent.com-photos/BPBSh.png,,,160.00,160.00,active
balls-small-doz,Balls Small Doz,,croftshill-enterprise,Sporting Goods > Outdoor Recreation > Cycling > Bicycle Parts > Bicycle Brake Parts,,BPBSS,FALSE,Title,Default Title,,,,,,0.0,kg,shopify,100,deny,manual,35.00,,FALSE,TRUE,,https://s3.amazonaws.com/croftshillent.com-photos/BPBSS.png,,,35.00,35.00,active
4-balls-1-4,4 Balls 1 4,,croftshill-enterprise,Sporting Goods > Outdoor Recreation > Cycling > Bicycle Parts > Bicycle Brake Parts,,BPBSS1,FALSE,Title,Default Title,,,,,,0.0,kg,shopify,100,deny,manual,55.00,,FALSE,TRUE,,https://s3.amazonaws.com/croftshillent.com-photos/BPBSS1.png,,,55.00,55.00,active
cables-all-types,Cables All Types,,croftshill-enterprise,Sporting Goods > Outdoor Recreation > Cycling > Bicycle Parts > Bicycle Brake Parts,,BPC,FALSE,Title,Default Title,,,,,,0.0,kg,shopify,100,deny,manual,245.00,,FALSE,TRUE,,https://s3.amazonaws.com/croftshillent.com-photos/BPC.png,,,245.00,245.00,active
centre-cup,Centre Cup,,croftshill-enterprise,Sporting Goods > Outdoor Recreation > Cycling > Bicycle Parts > Bicycle Brake Parts,,BPCCL,FALSE,Size,Large,,,,,,0.0,kg,shopify,100,deny,manual,600.00,,FALSE,TRUE,,https://s3.amazonaws.com/croftshillent.com-photos/BPCCL.png,,,600.00,600.00,active
centre-cup,Centre Cup,,croftshill-enterprise,Sporting Goods > Outdoor Recreation > Cycling > Bicycle Parts > Bicycle Brake Parts,,BPCCS,FALSE,Size,Small,,,,,,0.0,kg,shopify,100,deny,manual,550.00,,FALSE,TRUE,,https://s3.amazonaws.com/croftshillent.com-photos/BPCCS.png,,,550.00,550.00,active
chain-gear,Chain Gear,,croftshill-enterprise,Sporting Goods > Outdoor Recreation > Cycling > Bicycle Parts > Bicycle Brake Parts,,BPCG,FALSE,Title,Default Title,,,,,,0.0,kg,shopify,100,deny,manual,1400.00,,FALSE,TRUE,,https://s3.amazonaws.com/croftshillent.com-photos/BPCG.png,,,1400.00,1400.00,active
crank-all,Crank All,,croftshill-enterprise,Sporting Goods > Outdoor Recreation > Cycling > Bicycle Parts > Bicycle Brake Parts,,BPCR,FALSE,Title,Default Title,,,,,,0.0,kg,shopify,100,deny,manual,610.00,,FALSE,TRUE,,https://s3.amazonaws.com/croftshillent.com-photos/BPCR.png,,,610.00,610.00,active
derailer-all-speeds,Derailer All Speeds,,croftshill-enterprise,Sporting Goods > Outdoor Recreation > Cycling > Bicycle Parts > Bicycle Brake Parts,,BPD,FALSE,Title,Default Title,,,,,,0.0,kg,shopify,100,deny,manual,965.00,,FALSE,TRUE,,https://s3.amazonaws.com/croftshillent.com-photos/BPD.png,,,965.00,965.00,active
26-fork-24-26,26 Fork 24 26,,croftshill-enterprise,Sporting Goods > Outdoor Recreation > Cycling > Bicycle Parts > Bicycle Brake Parts,,BPF24,FALSE,Title,Default Title,,,,,,0.0,kg,shopify,100,deny,manual,2695.00,,FALSE,TRUE,,https://s3.amazonaws.com/croftshillent.com-photos/BPF24.png,,,2695.00,2695.00,active
fork-rambo,Fork Rambo,,croftshill-enterprise,Sporting Goods > Outdoor Recreation > Cycling > Bicycle Parts > Bicycle Brake Parts,,BPFR,FALSE,Title,Default Title,,,,,,0.0,kg,shopify,100,deny,manual,2220.00,,FALSE,TRUE,,https://s3.amazonaws.com/croftshillent.com-photos/BPFR.png,,,2220.00,2220.00,active
free-wheel,Free Wheel,,croftshill-enterprise,Sporting Goods > Outdoor Recreation > Cycling > Bicycle Parts > Bicycle Brake Parts,,BPFW5S,FALSE,Type,5 Speed,,,,,,0.0,kg,shopify,100,deny,manual,1350.00,,FALSE,TRUE,,https://s3.amazonaws.com/croftshillent.com-photos/BPFW5S.png,,,1350.00,1350.00,active
free-wheel,Free Wheel,,croftshill-enterprise,Sporting Goods > Outdoor Recreation > Cycling > Bicycle Parts > Bicycle Brake Parts,,BPFW6S,FALSE,Type,6 Sped,,,,,,0.0,kg,shopify,100,deny,manual,1400.00,,FALSE,TRUE,,https://s3.amazonaws.com/croftshillent.com-photos/BPFW6S.png,,,1400.00,1400.00,active
free-wheel,Free Wheel,,croftshill-enterprise,Sporting Goods > Outdoor Recreation > Cycling > Bicycle Parts > Bicycle Brake Parts,,BPFW8S,FALSE,Type,8 Speed,,,,,,0.0,kg,shopify,100,deny,manual,1820.00,,FALSE,TRUE,,https://s3.amazonaws.com/croftshillent.com-photos/BPFW8S.png,,,1820.00,1820.00,active
free-wheel,Free Wheel,,croftshill-enterprise,Sporting Goods > Outdoor Recreation > Cycling > Bicycle Parts > Bicycle Brake Parts,,BPFWS,FALSE,Type,Star,,,,,,0.0,kg,shopify,100,deny,manual,545.00,,FALSE,TRUE,,https://s3.amazonaws.com/croftshillent.com-photos/BPFWS.png,,,545.00,545.00,active
generator,Generator,,croftshill-enterprise,Sporting Goods > Outdoor Recreation > Cycling > Bicycle Parts > Bicycle Brake Parts,,BPG,FALSE,Title,Default Title,,,,,,0.0,kg,shopify,100,deny,manual,2005.00,,FALSE,TRUE,,https://s3.amazonaws.com/croftshillent.com-photos/BPG.png,,,2005.00,2005.00,active
gear-shifter,Gear Shifter,,croftshill-enterprise,Sporting Goods > Outdoor Recreation > Cycling > Bicycle Parts > Bicycle Brake Parts,,BPGS,FALSE,Title,Default Title,,,,,,0.0,kg,shopify,100,deny,manual,935.00,,FALSE,TRUE,,https://s3.amazonaws.com/croftshillent.com-photos/BPGS.png,,,935.00,935.00,active
handle,Handle,,croftshill-enterprise,Sporting Goods > Outdoor Recreation > Cycling > Bicycle Parts > Bicycle Brake Parts,,BPH,FALSE,Title,Default Title,,,,,,0.0,kg,shopify,100,deny,manual,1930.00,,FALSE,TRUE,,https://s3.amazonaws.com/croftshillent.com-photos/BPH.png,,,1930.00,1930.00,active
hub,Hub,,croftshill-enterprise,Sporting Goods > Outdoor Recreation > Cycling > Bicycle Parts > Bicycle Brake Parts,,BPHF,FALSE,Type,Front,,,,,,0.0,kg,shopify,100,deny,manual,970.00,,FALSE,TRUE,,https://s3.amazonaws.com/croftshillent.com-photos/BPHF.png,,,970.00,970.00,active
hub,Hub,,croftshill-enterprise,Sporting Goods > Outdoor Recreation > Cycling > Bicycle Parts > Bicycle Brake Parts,,BPHR,FALSE,Type,Rear,,,,,,0.0,kg,shopify,100,deny,manual,1210.00,,FALSE,TRUE,,https://s3.amazonaws.com/croftshillent.com-photos/BPHR.png,,,1210.00,1210.00,active
hub,Hub,,croftshill-enterprise,Sporting Goods > Outdoor Recreation > Cycling > Bicycle Parts > Bicycle Brake Parts,,BPHFR,FALSE,Type,Front Rambo,,,,,,0.0,kg,shopify,100,deny,manual,1350.00,,FALSE,TRUE,,https://s3.amazonaws.com/croftshillent.com-photos/BPHFR.png,,,1350.00,1350.00,active
hub,Hub,,croftshill-enterprise,Sporting Goods > Outdoor Recreation > Cycling > Bicycle Parts > Bicycle Brake Parts,,BPHRR,FALSE,Type,Rambo Rear,,,,,,0.0,kg,shopify,100,deny,manual,1710.00,,FALSE,TRUE,,https://s3.amazonaws.com/croftshillent.com-photos/BPHRR.png,,,1710.00,1710.00,active
hand-grip,Hand Grip,,croftshill-enterprise,Sporting Goods > Outdoor Recreation > Cycling > Bicycle Parts > Bicycle Brake Parts,,BPHGo,FALSE,Type,Regular,,,,,,0.0,kg,shopify,100,deny,manual,370.00,,FALSE,TRUE,,https://s3.amazonaws.com/croftshillent.com-photos/BPHGo.png,,,370.00,370.00,active
hand-grip,Hand Grip,,croftshill-enterprise,Sporting Goods > Outdoor Recreation > Cycling > Bicycle Parts > Bicycle Brake Parts,,BPHGR,FALSE,Type,Rambo,,,,,,0.0,kg,shopify,100,deny,manual,400.00,,FALSE,TRUE,,https://s3.amazonaws.com/croftshillent.com-photos/BPHGR.png,,,400.00,400.00,active
head-lamp,Head Lamp,,croftshill-enterprise,Sporting Goods > Outdoor Recreation > Cycling > Bicycle Parts > Bicycle Brake Parts,,BPHL,FALSE,Title,Default Title,,,,,,0.0,kg,shopify,100,deny,manual,1400.00,,FALSE,TRUE,,https://s3.amazonaws.com/croftshillent.com-photos/BPHL.png,,,1400.00,1400.00,active
head-parts,Head Parts,,croftshill-enterprise,Sporting Goods > Outdoor Recreation > Cycling > Bicycle Parts > Bicycle Brake Parts,,BPHPg,FALSE,Color,Green Box,,,,,,0.0,kg,shopify,100,deny,manual,675.00,,FALSE,TRUE,,https://s3.amazonaws.com/croftshillent.com-photos/BPHPg.png,,,675.00,675.00,active
head-parts,Head Parts,,croftshill-enterprise,Sporting Goods > Outdoor Recreation > Cycling > Bicycle Parts > Bicycle Brake Parts,,BPHPr,FALSE,Color,Red,,,,,,0.0,kg,shopify,100,deny,manual,510.00,,FALSE,TRUE,,https://s3.amazonaws.com/croftshillent.com-photos/BPHPr.png,,,510.00,510.00,active
lock,Lock,,croftshill-enterprise,Sporting Goods > Outdoor Recreation > Cycling > Bicycle Parts > Bicycle Brake Parts,,BPL,FALSE,Title,Default Title,,,,,,0.0,kg,shopify,100,deny,manual,840.00,,FALSE,TRUE,,https://s3.amazonaws.com/croftshillent.com-photos/BPL.png,,,840.00,840.00,active
neck,Neck,,croftshill-enterprise,Sporting Goods > Outdoor Recreation > Cycling > Bicycle Parts > Bicycle Brake Parts,,BPN,FALSE,Title,Default Title,,,,,,0.0,kg,shopify,100,deny,manual,1550.00,,FALSE,TRUE,,https://s3.amazonaws.com/croftshillent.com-photos/BPN.png,,,1550.00,1550.00,active
pedals,Pedals,,croftshill-enterprise,Sporting Goods > Outdoor Recreation > Cycling > Bicycle Parts > Bicycle Brake Parts,,BPP,FALSE,Title,Default Title,,,,,,0.0,kg,shopify,100,deny,manual,725.00,,FALSE,TRUE,,https://s3.amazonaws.com/croftshillent.com-photos/BPP.png,,,725.00,725.00,active
pump-connectors,Pump Connectors,,croftshill-enterprise,Sporting Goods > Outdoor Recreation > Cycling > Bicycle Parts > Bicycle Brake Parts,,BPPC,FALSE,Title,Default Title,,,,,,0.0,kg,shopify,100,deny,manual,265.00,,FALSE,TRUE,,https://s3.amazonaws.com/croftshillent.com-photos/BPPC.png,,,265.00,265.00,active
patch,Patch,,croftshill-enterprise,Sporting Goods > Outdoor Recreation > Cycling > Bicycle Parts > Bicycle Brake Parts,,BPPL,FALSE,Size,Large,,,,,,0.0,kg,shopify,100,deny,manual,30.00,,FALSE,TRUE,,https://s3.amazonaws.com/croftshillent.com-photos/BPPL.png,,,30.00,30.00,active
patch,Patch,,croftshill-enterprise,Sporting Goods > Outdoor Recreation > Cycling > Bicycle Parts > Bicycle Brake Parts,,BPPS,FALSE,Size,Small,,,,,,0.0,kg,shopify,100,deny,manual,20.00,,FALSE,TRUE,,https://s3.amazonaws.com/croftshillent.com-photos/BPPS.png,,,20.00,20.00,active
pump,Pump,,croftshill-enterprise,Sporting Goods > Outdoor Recreation > Cycling > Bicycle Parts > Bicycle Brake Parts,,BPPU,FALSE,Title,Default Title,,,,,,0.0,kg,shopify,100,deny,manual,1710.00,,FALSE,TRUE,,https://s3.amazonaws.com/croftshillent.com-photos/BPPU.png,,,1710.00,1710.00,active
chopper-rim,Chopper Rim,,croftshill-enterprise,Sporting Goods > Outdoor Recreation > Cycling > Bicycle Parts > Bicycle Brake Parts,,BPRC,FALSE,Title,Default Title,,,,,,0.0,kg,shopify,100,deny,manual,1340.00,,FALSE,TRUE,,https://s3.amazonaws.com/croftshillent.com-photos/BPRC.png,,,1340.00,1340.00,active
reflector,Reflector,,croftshill-enterprise,Sporting Goods > Outdoor Recreation > Cycling > Bicycle Parts > Bicycle Brake Parts,,BPRCE,FALSE,Type,Cat Eye,,,,,,0.0,kg,shopify,100,deny,manual,105.00,,FALSE,TRUE,,https://s3.amazonaws.com/croftshillent.com-photos/BPRCE.png,,,105.00,105.00,active
reflector,Reflector,,croftshill-enterprise,Sporting Goods > Outdoor Recreation > Cycling > Bicycle Parts > Bicycle Brake Parts,,BPRL,FALSE,Type,Large,,,,,,0.0,kg,shopify,100,deny,manual,340.00,,FALSE,TRUE,,https://s3.amazonaws.com/croftshillent.com-photos/BPRL.png,,,340.00,340.00,active
reflector,Reflector,,croftshill-enterprise,Sporting Goods > Outdoor Recreation > Cycling > Bicycle Parts > Bicycle Brake Parts,,BPRS,FALSE,Type,Small,,,,,,0.0,kg,shopify,100,deny,manual,280.00,,FALSE,TRUE,,https://s3.amazonaws.com/croftshillent.com-photos/BPRS.png,,,280.00,280.00,active
s-crank,S Crank,,croftshill-enterprise,Sporting Goods > Outdoor Recreation > Cycling > Bicycle Parts > Bicycle Brake Parts,,BPSC,FALSE,Title,Default Title,,,,,,0.0,kg,shopify,100,deny,manual,2015.00,,FALSE,TRUE,,https://s3.amazonaws.com/croftshillent.com-photos/BPSC.png,,,2015.00,2015.00,active
sprocket,Sprocket,,croftshill-enterprise,Sporting Goods > Outdoor Recreation > Cycling > Bicycle Parts > Bicycle Brake Parts,,BPSCLD,FALSE,Type,Cotterless Double,,,,,,0.0,kg,shopify,100,deny,manual,2970.00,,FALSE,TRUE,,https://s3.amazonaws.com/croftshillent.com-photos/BPSCLD.png,,,2970.00,2970.00,active
sprocket,Sprocket,,croftshill-enterprise,Sporting Goods > Outdoor Recreation > Cycling > Bicycle Parts > Bicycle Brake Parts,,BPSCLT,FALSE,Type,Cotterless Triple,,,,,,0.0,kg,shopify,100,deny,manual,3025.00,,FALSE,TRUE,,https://s3.amazonaws.com/croftshillent.com-photos/BPSCLT.png,,,3025.00,3025.00,active
sprocket,Sprocket,,croftshill-enterprise,Sporting Goods > Outdoor Recreation > Cycling > Bicycle Parts > Bicycle Brake Parts,,BPSCPD,FALSE,Type,Cotter Pin Double,,,,,,0.0,kg,shopify,100,deny,manual,2745.00,,FALSE,TRUE,,https://s3.amazonaws.com/croftshillent.com-photos/BPSCPD.png,,,2745.00,2745.00,active
sprocket,Sprocket,,croftshill-enterprise,Sporting Goods > Outdoor Recreation > Cycling > Bicycle Parts > Bicycle Brake Parts,,BPSCPT,FALSE,Type,Cotter Pin Triple,,,,,,0.0,kg,shopify,100,deny,manual,3120.00,,FALSE,TRUE,,https://s3.amazonaws.com/croftshillent.com-photos/BPSCPT.png,,,3120.00,3120.00,active
seat,Seat,,croftshill-enterprise,Sporting Goods > Outdoor Recreation > Cycling > Bicycle Parts > Bicycle Brake Parts,,BPSEBMX,FALSE,Type,BMX,,,,,,0.0,kg,shopify,100,deny,manual,1120.00,,FALSE,TRUE,,https://s3.amazonaws.com/croftshillent.com-photos/BPSEBMX.png,,,1120.00,1120.00,active
seat,Seat,,croftshill-enterprise,Sporting Goods > Outdoor Recreation > Cycling > Bicycle Parts > Bicycle Brake Parts,,BPSER,FALSE,Type,Regular,,,,,,0.0,kg,shopify,100,deny,manual,1360.00,,FALSE,TRUE,,https://s3.amazonaws.com/croftshillent.com-photos/BPSER.png,,,1360.00,1360.00,active
solution,Solution,,croftshill-enterprise,Sporting Goods > Outdoor Recreation > Cycling > Bicycle Parts > Bicycle Brake Parts,,BPSS,FALSE,Size,Small,,,,,,0.0,kg,shopify,100,deny,manual,130.00,,FALSE,TRUE,,https://s3.amazonaws.com/croftshillent.com-photos/BPSS.png,,,130.00,130.00,active
solution,Solution,,croftshill-enterprise,Sporting Goods > Outdoor Recreation > Cycling > Bicycle Parts > Bicycle Brake Parts,,BPSL,FALSE,Size,Large,,,,,,0.0,kg,shopify,100,deny,manual,245.00,,FALSE,TRUE,,https://s3.amazonaws.com/croftshillent.com-photos/BPSL.png,,,245.00,245.00,active
seat-pole,Seat Pole,,croftshill-enterprise,Sporting Goods > Outdoor Recreation > Cycling > Bicycle Parts > Bicycle Brake Parts,,BPSP,FALSE,Title,Default Title,,,,,,0.0,kg,shopify,100,deny,manual,685.00,,FALSE,TRUE,,https://s3.amazonaws.com/croftshillent.com-photos/BPSP.png,,,685.00,685.00,active
spokes,Spokes,,croftshill-enterprise,Sporting Goods > Outdoor Recreation > Cycling > Bicycle Parts > Bicycle Brake Parts,,BPSPOKES,FALSE,Title,Default Title,,,,,,0.0,kg,shopify,100,deny,manual,35.00,,FALSE,TRUE,,https://s3.amazonaws.com/croftshillent.com-photos/BPSPOKES.png,,,35.00,35.00,active
seat-spring,Seat Spring,,croftshill-enterprise,Sporting Goods > Outdoor Recreation > Cycling > Bicycle Parts > Bicycle Brake Parts,,BPSRS,FALSE,Title,Default Title,,,,,,0.0,kg,shopify,100,deny,manual,2300.00,,FALSE,TRUE,,https://s3.amazonaws.com/croftshillent.com-photos/BPSRS.png,,,2300.00,2300.00,active
sprocket,Sprocket,,croftshill-enterprise,Sporting Goods > Outdoor Recreation > Cycling > Bicycle Parts > Bicycle Brake Parts,,BPSSCD,FALSE,Type,S Crank Double,,,,,,0.0,kg,shopify,100,deny,manual,2015.00,,FALSE,TRUE,,https://s3.amazonaws.com/croftshillent.com-photos/BPSSCD.png,,,2015.00,2015.00,active
sprocket,Sprocket,,croftshill-enterprise,Sporting Goods > Outdoor Recreation > Cycling > Bicycle Parts > Bicycle Brake Parts,,BPSSCS,FALSE,Type,S Crank Single,,,,,,0.0,kg,shopify,100,deny,manual,1210.00,,FALSE,TRUE,,https://s3.amazonaws.com/croftshillent.com-photos/BPSSCS.png,,,1210.00,1210.00,active
sprocket,Sprocket,,croftshill-enterprise,Sporting Goods > Outdoor Recreation > Cycling > Bicycle Parts > Bicycle Brake Parts,,BPSSCT,FALSE,Type,S Crank Triple,,,,,,0.0,kg,shopify,100,deny,manual,2210.00,,FALSE,TRUE,,https://s3.amazonaws.com/croftshillent.com-photos/BPSSCT.png,,,2210.00,2210.00,active
stand-all,Stand All,,croftshill-enterprise,Sporting Goods > Outdoor Recreation > Cycling > Bicycle Parts > Bicycle Brake Parts,,BPST,FALSE,Title,Default Title,,,,,,0.0,kg,shopify,100,deny,manual,1295.00,,FALSE,TRUE,,https://s3.amazonaws.com/croftshillent.com-photos/BPST.png,,,1295.00,1295.00,active
tyres,Tyres,,croftshill-enterprise,Sporting Goods > Outdoor Recreation > Cycling > Bicycle Parts > Bicycle Brake Parts,,BPTC,FALSE,Type,Chopper,,,,,,0.0,kg,shopify,100,deny,manual,1210.00,,FALSE,TRUE,,https://s3.amazonaws.com/croftshillent.com-photos/BPTC.png,,,1210.00,1210.00,active
tyres,Tyres,,croftshill-enterprise,Sporting Goods > Outdoor Recreation > Cycling > Bicycle Parts > Bicycle Brake Parts,,BPTR,FALSE,Type,Regular,,,,,,0.0,kg,shopify,100,deny,manual,1415.00,,FALSE,TRUE,,https://s3.amazonaws.com/croftshillent.com-photos/BPTR.png,,,1415.00,1415.00,active
bicycle-tube,Bicycle Tube,,croftshill-enterprise,Sporting Goods > Outdoor Recreation > Cycling > Bicycle Parts > Bicycle Brake Parts,,BPTU20'',FALSE,Length,20,,,,,,0.0,kg,shopify,100,deny,manual,485.00,,FALSE,TRUE,,https://s3.amazonaws.com/croftshillent.com-photos/BPTU20''.png,,,485.00,485.00,active
bicycle-tube,Bicycle Tube,,croftshill-enterprise,Sporting Goods > Outdoor Recreation > Cycling > Bicycle Parts > Bicycle Brake Parts,,BPTU24&26,FALSE,Length,24 26,,,,,,0.0,kg,shopify,100,deny,manual,965.00,,FALSE,TRUE,,https://s3.amazonaws.com/croftshillent.com-photos/BPTU24&26.png,,,965.00,965.00,active
